SEF_DCM_Name|SEF_DCM_LEI|Trade_Date|Effective_Date|Internal_Prod_ID|Internal_Prod_Des|Asset_Class|Base_Prod|Sub_Prod|Tran_Type|Contract_Type|Curr_Code|Setl_Method|UPI|Block_Flag|Option_Flag|DCO_Name|DCO_LEI|Premium_Volatility_Other_Flag|First_Price|High_Price|Low_Price|Last_Price|Traded_Currency|Notional_Traded_Currency_DA|Notional_Traded_Currency_NDA|Total_Notional_USD_DA|Cleared_Notional_USD_DA|Un_Cleared_Notional_USD_DA|Total_Notional_USD_NDA|Cleared_Notional_USD_NDA|Un_Cleared_Notional_USD_NDA|Total_Trade_Count|Cleared_Trade_Count|Un_Cleared_Trade_Count
Tradition SEF Inc.|549300MBO45EHETL4438|20200827|20200828|2I65BRYD6_5Y_DS10|"HY34 V8 5Y CD "|CD|INDX|CDX|CDXHY|2I65BRYD6|USD|CASH||N|N|IntercontinentalExchange, Inc.|549300R4IG1TWPZT5U32|O|105.605|105.63|105.345|105.455|USD|65000000.0|65000000|65000000|65000000|0|65000000|65000000|0|7|7|0
Tradition SEF Inc.|549300MBO45EHETL4438|20200827|20200828|2I65BYDW2_5Y_DS50|"IG34 5Y CD "|CD|INDX|CDX|CDXIG|2I65BYDW2|USD|CASH||N|N|IntercontinentalExchange, Inc.|549300R4IG1TWPZT5U32|O|66.7|67.45|66.7|67.45|USD|120000000.0|120000000|120000000|120000000|0|120000000|120000000|0|3|3|0
Tradition SEF Inc.|549300MBO45EHETL4438|20200827|20200827|585771|"1M AUD vs. USD Put at a delta of 50"|FX|O||AUDUSD||AUD|CASH||N|N|||P|82750|82750|82750|82750|AUD|500000000|10000000|363150016|0|363150016|7263000|0|7263000|1|0|1
Tradition SEF Inc.|549300MBO45EHETL4438|20200827|20200827|585772|"1M AUD vs. USD Call at a delta of 50"|FX|O||AUDUSD||AUD|CASH||N|N|||P|80000|80000|80000|80000|AUD|500000000|10000000|363150016|0|363150016|7263000|0|7263000|1|0|1
Tradition SEF Inc.|549300MBO45EHETL4438|20200827|20200827|585773|"1M USD vs. JPY Put at a delta of 50"|FX|O||USDJPY||USD|CASH||N|N|||P|191875|398750|79500|79500|USD|4250000000|85000000|4249999870|0|4249999870|85000000|0|85000000|3|0|3
Tradition SEF Inc.|549300MBO45EHETL4438|20200827|20200827|585774|"1M USD vs. JPY Call at a delta of 50"|FX|O||USDJPY||USD|CASH||N|N|||P|191875|381250|77500|77500|USD|4250000000|85000000|4249999870|0|4249999870|85000000|0|85000000|3|0|3
Tradition SEF Inc.|549300MBO45EHETL4438|20200827|20200827|585775|"6M USD vs. JPY Put at a delta of 50"|FX|O||USDJPY||USD|CASH||N|N|||P|227850|462000|227850|462000|USD|1575000000|31500000|1575000060|0|1575000060|31500000|0|31500000|2|0|2
Tradition SEF Inc.|549300MBO45EHETL4438|20200827|20200827|585776|"6M USD vs. JPY Call at a delta of 50"|FX|O||USDJPY||USD|CASH||N|N|||P|214200|428925|214200|428925|USD|1575000000|31500000|1575000060|0|1575000060|31500000|0|31500000|2|0|2
Tradition SEF Inc.|549300MBO45EHETL4438|20200827|20200827|585777|"2M EUR vs. USD Put at a delta of 50"|FX|O||EURUSD||EUR|CASH||N|N|||P|364375|364375|364375|364375|EUR|1250000000|25000000|1476749950|0|1476749950|29534998|0|29534998|1|0|1
Tradition SEF Inc.|549300MBO45EHETL4438|20200827|20200827|585778|"2M EUR vs. USD Call at a delta of 50"|FX|O||EURUSD||EUR|CASH||N|N|||P|351875|351875|351875|351875|EUR|1250000000|25000000|1476749950|0|1476749950|29534998|0|29534998|1|0|1
Tradition SEF Inc.|549300MBO45EHETL4438|20200827|20200827|585779|"2M USD vs. CNH Put at a delta of 50"|FX|O||USDCNH||USD|CASH||N|N|||P|216875|216875|216875|216875|USD|1250000000|25000000|1250000000|0|1250000000|25000000|0|25000000|1|0|1
Tradition SEF Inc.|549300MBO45EHETL4438|20200827|20200827|585780|"2M USD vs. CNH Call at a delta of 50"|FX|O||USDCNH||USD|CASH||N|N|||P|210625|210625|210625|210625|USD|1250000000|25000000|1250000000|0|1250000000|25000000|0|25000000|1|0|1
Tradition SEF Inc.|549300MBO45EHETL4438|20200827|20200827|585782|"ON USD vs. JPY Put at a strike of 106.5"|FX|O||USDJPY||USD|CASH||N|N|||P|46250|46250|27750|32250|USD|140000000.0|140000000|140000000|0|140000000|140000000|0|140000000|4|0|4
Tradition SEF Inc.|549300MBO45EHETL4438|20200827|20200827|585783|"OD USD vs. JPY Put at a strike of 106.3"|FX|O||USDJPY||USD|CASH||N|N|||P|101250|101250|60750|60750|USD|80000000.0|80000000|80000000|0|80000000|80000000|0|80000000|2|0|2
Tradition SEF Inc.|549300MBO45EHETL4438|20200827|20200827|585786|"2W AUD vs. CAD Put at a strike of 0.947"|FX|O||AUDCAD||AUD|CASH||N|N|||P|95250|95250|95250|95250|AUD|30000000.0|30000000|21789000|0|21789000|21789000|0|21789000|1|0|1
Tradition SEF Inc.|549300MBO45EHETL4438|20200827|20200827|585788|"OD USD vs. JPY Call at a strike of 104.5"|FX|O||USDJPY||USD|CASH||N|N|||P|60000|60000|60000|60000|USD|100000000.0|100000000|100000000|0|100000000|100000000|0|100000000|1|0|1
Tradition SEF Inc.|549300MBO45EHETL4438|20200827|20200827|585789|"2W USD vs. JPY Call at a strike of 105"|FX|O||USDJPY||USD|CASH||N|N|||P|222500|222500|222500|222500|USD|100000000.0|100000000|100000000|0|100000000|100000000|0|100000000|1|0|1
Tradition SEF Inc.|549300MBO45EHETL4438|20200827|20200827|585792|"2W USD vs. JPY Put at a delta of 50"|FX|O||USDJPY||USD|CASH||N|N|||P|83625|83625|83625|83625|USD|750000000|15000000|750000000|0|750000000|15000000|0|15000000|1|0|1
Tradition SEF Inc.|549300MBO45EHETL4438|20200827|20200827|585793|"2W USD vs. JPY Call at a delta of 50"|FX|O||USDJPY||USD|CASH||N|N|||P|79125|79125|79125|79125|USD|750000000|15000000|750000000|0|750000000|15000000|0|15000000|1|0|1
Tradition SEF Inc.|549300MBO45EHETL4438|20200827|20200827|585794|"ON EUR vs. USD Put at a strike of 1.1835"|FX|O||EURUSD||EUR|CASH||N|N|||P|172500|172500|172500|172500|EUR|50000000.0|50000000|59069996|0|59069996|59069996|0|59069996|1|0|1
Tradition SEF Inc.|549300MBO45EHETL4438|20200827|20200827|585796|"1M USD vs. CHF Put at a delta of 50"|FX|O||USDCHF||USD|CASH||N|N|||P|84500|84500|84500|84500|USD|500000000|10000000|500000000|0|500000000|10000000|0|10000000|1|0|1
Tradition SEF Inc.|549300MBO45EHETL4438|20200827|20200827|585797|"1M USD vs. CHF Call at a delta of 50"|FX|O||USDCHF||USD|CASH||N|N|||P|84500|84500|84500|84500|USD|500000000|10000000|500000000|0|500000000|10000000|0|10000000|1|0|1
Tradition SEF Inc.|549300MBO45EHETL4438|20200827|20200827|585798|"OD USD vs. CNH Put at a strike of 6.94"|FX|O||USDCNH||USD|CASH||N|N|||P|19500|19500|19500|19500|USD|30000000.0|30000000|30000000|0|30000000|30000000|0|30000000|1|0|1
Tradition SEF Inc.|549300MBO45EHETL4438|20200827|20200827|585800|"OD AUD vs. NZD Put at a strike of 1.086"|FX|O||AUDNZD||AUD|CASH||N|N|||P|243750|243750|81250|81250|AUD|200000000.0|200000000|145260000|0|145260000|145260000|0|145260000|2|0|2
Tradition SEF Inc.|549300MBO45EHETL4438|20200827|20200827|585801|"3W AUD vs. NZD Call at a strike of 1.102"|FX|O||AUDNZD||AUD|CASH||N|N|||P|375000|375000|125000|125000|AUD|200000000.0|200000000|145260000|0|145260000|145260000|0|145260000|2|0|2
Tradition SEF Inc.|549300MBO45EHETL4438|20200827|20200827|585804|"3M EUR vs. CZK Put at a delta of 50"|FX|O||EURCZK||EUR|CASH||N|N|||P|105750|158625|105750|158625|EUR|1250000000|25000000|1476749950|0|1476749950|29534998|0|29534998|2|0|2
Tradition SEF Inc.|549300MBO45EHETL4438|20200827|20200827|585805|"3M EUR vs. CZK Call at a delta of 50"|FX|O||EURCZK||EUR|CASH||N|N|||P|109250|163875|109250|163875|EUR|1250000000|25000000|1476749950|0|1476749950|29534998|0|29534998|2|0|2
Tradition SEF Inc.|549300MBO45EHETL4438|20200827|20200827|585807|"2M USD vs. JPY Put at a delta of 50"|FX|O||USDJPY||USD|CASH||N|N|||P|113250|682500|56875|56875|USD|5500000000|110000000|5500000300|0|5500000300|110000000|0|110000000|6|0|6
Tradition SEF Inc.|549300MBO45EHETL4438|20200827|20200827|585808|"2M USD vs. JPY Call at a delta of 50"|FX|O||USDJPY||USD|CASH||N|N|||P|109500|654000|54500|54500|USD|5500000000|110000000|5500000300|0|5500000300|110000000|0|110000000|6|0|6
Tradition SEF Inc.|549300MBO45EHETL4438|20200827|20200827|585809|"6M EUR vs. PLN Put at a delta of 50"|FX|O||EURPLN||EUR|CASH||N|N|||P|154750|154750|154750|154750|EUR|500000000|10000000|590699970|0|590699970|11813999|0|11813999|1|0|1
Tradition SEF Inc.|549300MBO45EHETL4438|20200827|20200827|585810|"6M EUR vs. PLN Call at a delta of 50"|FX|O||EURPLN||EUR|CASH||N|N|||P|162500|162500|162500|162500|EUR|500000000|10000000|590699970|0|590699970|11813999|0|11813999|1|0|1
Tradition SEF Inc.|549300MBO45EHETL4438|20200827|20200827|585812|"2W USD vs. JPY Put at a delta of 50"|FX|O||USDJPY||USD|CASH||N|N|||P|133750|401250|133750|401250|USD|5000000000|100000000|5000000000|0|5000000000|100000000|0|100000000|2|0|2
Tradition SEF Inc.|549300MBO45EHETL4438|20200827|20200827|585813|"2W USD vs. JPY Call at a delta of 50"|FX|O||USDJPY||USD|CASH||N|N|||P|131875|395625|131875|395625|USD|5000000000|100000000|5000000000|0|5000000000|100000000|0|100000000|2|0|2
Tradition SEF Inc.|549300MBO45EHETL4438|20200827|20200827|585814|"2W USD vs. JPY Put at a strike of 107"|FX|O||USDJPY||USD|CASH||N|N|||P|57750|57750|54000|54000|USD|60000000.0|60000000|60000000|0|60000000|60000000|0|60000000|2|0|2
Tradition SEF Inc.|549300MBO45EHETL4438|20200827|20200827|585816|"OD EUR vs. USD Call at a strike of 1.19"|FX|O||EURUSD||EUR|CASH||N|N|||P|51000|92500|51000|82500|EUR|130000000.0|130000000|153582000|0|153582000|153582000|0|153582000|3|0|3
Tradition SEF Inc.|549300MBO45EHETL4438|20200827|20200827|585819|"1M USD vs. JPY Put at a delta of 50"|FX|O||USDJPY||USD|CASH||N|N|||P|80000|167625|37250|74500|USD|6375000000|127500000|6375000100|0|6375000100|127500000|0|127500000|9|0|9
Tradition SEF Inc.|549300MBO45EHETL4438|20200827|20200827|585820|"1M USD vs. JPY Call at a delta of 50"|FX|O||USDJPY||USD|CASH||N|N|||P|77000|167062.5|35375|70750|USD|6375000000|127500000|6375000100|0|6375000100|127500000|0|127500000|9|0|9
Tradition SEF Inc.|549300MBO45EHETL4438|20200827|20200827|585821|"1M USD vs. INR Put at a delta of 50"|FX|NDO||USDINR||USD|CASH||N|N|||P|352500|352500|176250|176250|USD|3750000000|75000000|3750000130|0|3750000130|75000000|0|75000000|2|0|2
Tradition SEF Inc.|549300MBO45EHETL4438|20200827|20200827|585822|"1M USD vs. INR Call at a delta of 50"|FX|NDO||USDINR||USD|CASH||N|N|||P|345000|345000|172500|172500|USD|3750000000|75000000|3750000130|0|3750000130|75000000|0|75000000|2|0|2
Tradition SEF Inc.|549300MBO45EHETL4438|20200827|20200827|585823|"1M USD vs. INR Put at a delta of 10"|FX|NDO||USDINR||USD|CASH||N|N|||P|111150|111150|55575|55575|USD|1710000000|171000000|1710000000|0|1710000000|171000000|0|171000000|2|0|2
Tradition SEF Inc.|549300MBO45EHETL4438|20200827|20200827|585824|"1M USD vs. INR Call at a delta of 10"|FX|NDO||USDINR||USD|CASH||N|N|||P|109725|109725|54862.5|54862.5|USD|1710000000|171000000|1710000000|0|1710000000|171000000|0|171000000|2|0|2
Tradition SEF Inc.|549300MBO45EHETL4438|20200827|20200827|585826|"1W USD vs. CAD Put at a delta of 50"|FX|O||USDCAD||USD|CASH||N|N|||P|59250|59250|59250|59250|USD|750000000|15000000|750000000|0|750000000|15000000|0|15000000|1|0|1
Tradition SEF Inc.|549300MBO45EHETL4438|20200827|20200827|585827|"1W USD vs. CAD Call at a delta of 50"|FX|O||USDCAD||USD|CASH||N|N|||P|55875|55875|55875|55875|USD|750000000|15000000|750000000|0|750000000|15000000|0|15000000|1|0|1
Tradition SEF Inc.|549300MBO45EHETL4438|20200827|20200827|585829|"ON EUR vs. USD Call at a strike of 1.1835"|FX|O||EURUSD||EUR|CASH||N|N|||P|66000|99000|66000|99000|EUR|50000000.0|50000000|59069996|0|59069996|59069996|0|59069996|2|0|2
Tradition SEF Inc.|549300MBO45EHETL4438|20200827|20200827|585831|"3M AUD vs. USD Put at a delta of 50"|FX|O||AUDUSD||AUD|CASH||N|N|||P|395000|395000|395000|395000|AUD|1250000000|25000000|907875010|0|907875010|18157500|0|18157500|1|0|1
Tradition SEF Inc.|549300MBO45EHETL4438|20200827|20200827|585832|"3M AUD vs. USD Call at a delta of 50"|FX|O||AUDUSD||AUD|CASH||N|N|||P|371250|371250|371250|371250|AUD|1250000000|25000000|907875010|0|907875010|18157500|0|18157500|1|0|1
Tradition SEF Inc.|549300MBO45EHETL4438|20200827|20200827|585833|"3M AUD vs. USD Put at a delta of 10"|FX|O||AUDUSD||AUD|CASH||N|N|||P|118650|118650|118650|118650|AUD|565000000|56500000|410359488|0|410359488|41035952|0|41035952|1|0|1
Tradition SEF Inc.|549300MBO45EHETL4438|20200827|20200827|585834|"3M AUD vs. USD Call at a delta of 10"|FX|O||AUDUSD||AUD|CASH||N|N|||P|113000|113000|113000|113000|AUD|565000000|56500000|410359488|0|410359488|41035952|0|41035952|1|0|1
Tradition SEF Inc.|549300MBO45EHETL4438|20200827|20200827|585835|"OD USD vs. CZK Call at a strike of 21.95"|FX|O||USDCZK||USD|CASH||N|N|||P|174000|174000|174000|174000|USD|20000000.0|20000000|20000000|0|20000000|20000000|0|20000000|1|0|1
Tradition SEF Inc.|549300MBO45EHETL4438|20200827|20200827|585837|"1W EUR vs. GBP Call at a strike of 0.9"|FX|O||EURGBP||EUR|CASH||N|N|||P|42000|42000|42000|42000|EUR|30000000.0|30000000|35442000|0|35442000|35442000|0|35442000|1|0|1
Tradition SEF Inc.|549300MBO45EHETL4438|20200827|20200827|585839|"OD EUR vs. JPY Call at a strike of 128"|FX|O||EURJPY||EUR|CASH||N|N|||P|9000|22500|9000|22500|EUR|155000000.0|155000000|183116992|0|183116992|183116992|0|183116992|3|0|3
Tradition SEF Inc.|549300MBO45EHETL4438|20200827|20200827|585840|"OD EUR vs. JPY Call at a strike of 127"|FX|O||EURJPY||EUR|CASH||N|N|||P|30000|75000|30000|75000|EUR|155000000.0|155000000|183116992|0|183116992|183116992|0|183116992|3|0|3
Tradition SEF Inc.|549300MBO45EHETL4438|20200827|20200827|585843|"OD EUR vs. USD Put at a strike of 1.17"|FX|O||EURUSD||EUR|CASH||N|N|||P|410000|410000|410000|410000|EUR|100000000.0|100000000|118139992|0|118139992|118139992|0|118139992|1|0|1
Tradition SEF Inc.|549300MBO45EHETL4438|20200827|20200827|585845|"1M NZD vs. USD Put at a delta of 50"|FX|O||NZDUSD||NZD|CASH||N|N|||P|193750|193750|193750|193750|NZD|1250000000|25000000|830124990|0|830124990|16602500|0|16602500|1|0|1
Tradition SEF Inc.|549300MBO45EHETL4438|20200827|20200827|585846|"1M NZD vs. USD Call at a delta of 50"|FX|O||NZDUSD||NZD|CASH||N|N|||P|188125|188125|188125|188125|NZD|1250000000|25000000|830124990|0|830124990|16602500|0|16602500|1|0|1
Tradition SEF Inc.|549300MBO45EHETL4438|20200827|20200827|585847|"1Y EUR vs. USD Put at a delta of 50"|FX|O||EURUSD||EUR|CASH||N|N|||P|911250|911250|911250|911250|EUR|1250000000|25000000|1476749950|0|1476749950|29534998|0|29534998|1|0|1
Tradition SEF Inc.|549300MBO45EHETL4438|20200827|20200827|585848|"1Y EUR vs. USD Call at a delta of 50"|FX|O||EURUSD||EUR|CASH||N|N|||P|835000|835000|835000|835000|EUR|1250000000|25000000|1476749950|0|1476749950|29534998|0|29534998|1|0|1
Tradition SEF Inc.|549300MBO45EHETL4438|20200827|20200827|585849|"1M AUD vs. USD Put at a delta of 50"|FX|O||AUDUSD||AUD|CASH||N|N|||P|210625|240000|39875|240000|AUD|4000000000|80000000|2905200130|0|2905200130|58104000|0|58104000|4|0|4
Tradition SEF Inc.|549300MBO45EHETL4438|20200827|20200827|585850|"1M AUD vs. USD Call at a delta of 50"|FX|O||AUDUSD||AUD|CASH||N|N|||P|198750|231000|38375|231000|AUD|4000000000|80000000|2905200130|0|2905200130|58104000|0|58104000|4|0|4
Tradition SEF Inc.|549300MBO45EHETL4438|20200827|20200827|585851|"1Y EUR vs. USD Put at a strike of 1.15"|FX|SPEX|BR|EURUSD||EUR|CASH||N|N|||P|585000|585000|585000|585000|EUR|100000000.0|100000000|118139992|0|118139992|118139992|0|118139992|1|0|1
Tradition SEF Inc.|549300MBO45EHETL4438|20200827|20200827|585853|"1M EUR vs. USD Put at a delta of 50"|FX|O||EURUSD||EUR|CASH||N|N|||P|158625|437525|105000|379687.5|EUR|5275000000|105500000|6231884300|0|6231884300|124637696|0|124637696|4|0|4
Tradition SEF Inc.|549300MBO45EHETL4438|20200827|20200827|585854|"1M EUR vs. USD Call at a delta of 50"|FX|O||EURUSD||EUR|CASH||N|N|||P|157125|418175|104000|369375|EUR|5275000000|105500000|6231884300|0|6231884300|124637696|0|124637696|4|0|4
Tradition SEF Inc.|549300MBO45EHETL4438|20200827|20200827|585855|"3W AUD vs. USD Call at a strike of 0.7325"|FX|O||AUDUSD||AUD|CASH||N|N|||P|325000|335000|325000|335000|AUD|200000000.0|200000000|145260000|0|145260000|145260000|0|145260000|2|0|2
Tradition SEF Inc.|549300MBO45EHETL4438|20200827|20200827|585859|"ON EUR vs. USD Call at a strike of 1.185"|FX|O||EURUSD||EUR|CASH||N|N|||P|64000|64000|64000|64000|EUR|40000000.0|40000000|47255996|0|47255996|47255996|0|47255996|1|0|1
Tradition SEF Inc.|549300MBO45EHETL4438|20200827|20200827|585861|"2W EUR vs. USD Put at a delta of 50"|FX|O||EURUSD||EUR|CASH||N|N|||P|106500|106500|106500|106500|EUR|750000000|15000000|886049980|0|886049980|17721000|0|17721000|1|0|1
Tradition SEF Inc.|549300MBO45EHETL4438|20200827|20200827|585862|"2W EUR vs. USD Call at a delta of 50"|FX|O||EURUSD||EUR|CASH||N|N|||P|106500|106500|106500|106500|EUR|750000000|15000000|886049980|0|886049980|17721000|0|17721000|1|0|1
Tradition SEF Inc.|549300MBO45EHETL4438|20200827|20200827|585863|"3M USD vs. JPY Put at a delta of 50"|FX|O||USDJPY||USD|CASH||N|N|||P|361125|361125|361125|361125|USD|1125000000|22500000|1124999940|0|1124999940|22500000|0|22500000|1|0|1
Tradition SEF Inc.|549300MBO45EHETL4438|20200827|20200827|585864|"3M USD vs. JPY Call at a delta of 50"|FX|O||USDJPY||USD|CASH||N|N|||P|347062.5|347062.5|347062.5|347062.5|USD|1125000000|22500000|1124999940|0|1124999940|22500000|0|22500000|1|0|1
Tradition SEF Inc.|549300MBO45EHETL4438|20200827|20200827|585865|"OD EUR vs. USD Put at a strike of 1.1765"|FX|O||EURUSD||EUR|CASH||N|N|||P|67500|67500|67500|67500|EUR|30000000.0|30000000|35442000|0|35442000|35442000|0|35442000|1|0|1
Tradition SEF Inc.|549300MBO45EHETL4438|20200827|20200827|585867|"ON AUD vs. JPY Put at a strike of 76.8"|FX|O||AUDJPY||AUD|CASH||N|N|||P|86250|86250|86250|86250|AUD|75000000.0|75000000|54472500|0|54472500|54472500|0|54472500|1|0|1
Tradition SEF Inc.|549300MBO45EHETL4438|20200827|20200827|585870|"ON USD vs. CAD Call at a strike of 1.3145"|FX|O||USDCAD||USD|CASH||N|N|||P|34375|41250|34375|41250|USD|55000000.0|55000000|55000000|0|55000000|55000000|0|55000000|2|0|2
Tradition SEF Inc.|549300MBO45EHETL4438|20200827|20200827|585872|"ON USD vs. CAD Put at a strike of 1.3145"|FX|O||USDCAD||USD|CASH||N|N|||P|12750|25500|12750|25500|USD|30000000.0|30000000|30000000|0|30000000|30000000|0|30000000|2|0|2
Tradition SEF Inc.|549300MBO45EHETL4438|20200827|20200827|585874|"1W USD vs. JPY Put at a delta of 50"|FX|O||USDJPY||USD|CASH||N|N|||P|34000|170000|34000|51000|USD|3750000000|75000000|3750000130|0|3750000130|75000000|0|75000000|3|0|3
Tradition SEF Inc.|549300MBO45EHETL4438|20200827|20200827|585875|"1W USD vs. JPY Call at a delta of 50"|FX|O||USDJPY||USD|CASH||N|N|||P|35750|178750|35750|53625|USD|3750000000|75000000|3750000130|0|3750000130|75000000|0|75000000|3|0|3
Tradition SEF Inc.|549300MBO45EHETL4438|20200827|20200827|585876|"1M AUD vs. JPY Put at a delta of 50"|FX|O||AUDJPY||AUD|CASH||N|N|||P|157500|157500|157500|157500|AUD|750000000|15000000|544724990|0|544724990|10894500|0|10894500|1|0|1
Tradition SEF Inc.|549300MBO45EHETL4438|20200827|20200827|585877|"1M AUD vs. JPY Call at a delta of 50"|FX|O||AUDJPY||AUD|CASH||N|N|||P|159750|159750|159750|159750|AUD|750000000|15000000|544724990|0|544724990|10894500|0|10894500|1|0|1
Tradition SEF Inc.|549300MBO45EHETL4438|20200827|20200827|585879|"OD EUR vs. USD Put at a strike of 1.172"|FX|O||EURUSD||EUR|CASH||N|N|||P|506250|506250|506250|506250|EUR|150000000.0|150000000|177209984|0|177209984|177209984|0|177209984|1|0|1
Tradition SEF Inc.|549300MBO45EHETL4438|20200827|20200827|585881|"2W USD vs. ZAR Call at a strike of 17"|FX|O||USDZAR||USD|CASH||N|N|||P|102750|102750|102750|102750|USD|10000000.0|10000000|10000000|0|10000000|10000000|0|10000000|1|0|1
Tradition SEF Inc.|549300MBO45EHETL4438|20200827|20200827|585883|"1M USD vs. CHF Put at a strike of 0.909"|FX|O||USDCHF||USD|CASH||N|N|||P|672600|672600|672600|672600|USD|88500000.0|88500000|88500000|0|88500000|88500000|0|88500000|1|0|1
Tradition SEF Inc.|549300MBO45EHETL4438|20200827|20200827|585885|"3M EUR vs. USD Put at a delta of 50"|FX|O||EURUSD||EUR|CASH||N|N|||P|931250|931250|466875|466875|EUR|3750000000|75000000|4430250000|0|4430250000|88604992|0|88604992|2|0|2
Tradition SEF Inc.|549300MBO45EHETL4438|20200827|20200827|585886|"3M EUR vs. USD Call at a delta of 50"|FX|O||EURUSD||EUR|CASH||N|N|||P|886250|886250|442500|442500|EUR|3750000000|75000000|4430250000|0|4430250000|88604992|0|88604992|2|0|2
Tradition SEF Inc.|549300MBO45EHETL4438|20200827|20200827|585887|"6M EUR vs. USD Put at a delta of 50"|FX|O||EURUSD||EUR|CASH||N|N|||P|875962.5|875962.5|875962.5|875962.5|EUR|1775000000|35500000|2096984960|0|2096984960|41939696|0|41939696|1|0|1
Tradition SEF Inc.|549300MBO45EHETL4438|20200827|20200827|585888|"6M EUR vs. USD Call at a delta of 50"|FX|O||EURUSD||EUR|CASH||N|N|||P|829812.5|829812.5|829812.5|829812.5|EUR|1775000000|35500000|2096984960|0|2096984960|41939696|0|41939696|1|0|1
Tradition SEF Inc.|549300MBO45EHETL4438|20200827|20200827|585889|"9M EUR vs. USD Put at a delta of 50"|FX|O||EURUSD||EUR|CASH||N|N|||P|437900|437900|437900|437900|EUR|725000000|14500000|856514940|0|856514940|17130300|0|17130300|1|0|1
Tradition SEF Inc.|549300MBO45EHETL4438|20200827|20200827|585890|"9M EUR vs. USD Call at a delta of 50"|FX|O||EURUSD||EUR|CASH||N|N|||P|406725|406725|406725|406725|EUR|725000000|14500000|856514940|0|856514940|17130300|0|17130300|1|0|1
Tradition SEF Inc.|549300MBO45EHETL4438|20200827|20200827|585891|"4W GBP vs. USD Call at a strike of 1.33"|FX|O||GBPUSD||GBP|CASH||N|N|||P|231750|231750|231750|231750|GBP|30000000.0|30000000|39576000|0|39576000|39576000|0|39576000|1|0|1
Tradition SEF Inc.|549300MBO45EHETL4438|20200827|20200827|585893|"1M USD vs. MXN Put at a delta of 50"|FX|O||USDMXN||USD|CASH||N|N|||P|232875|232875|232875|232875|USD|750000000|15000000|750000000|0|750000000|15000000|0|15000000|1|0|1
Tradition SEF Inc.|549300MBO45EHETL4438|20200827|20200827|585894|"1M USD vs. MXN Call at a delta of 50"|FX|O||USDMXN||USD|CASH||N|N|||P|232875|232875|232875|232875|USD|750000000|15000000|750000000|0|750000000|15000000|0|15000000|1|0|1
Tradition SEF Inc.|549300MBO45EHETL4438|20200827|20200827|585895|"2M USD vs. MXN Put at a delta of 50"|FX|O||USDMXN||USD|CASH||N|N|||P|240262.5|240262.5|240262.5|240262.5|USD|537500000|10750000|537500030|0|537500030|10750000|0|10750000|1|0|1
Tradition SEF Inc.|549300MBO45EHETL4438|20200827|20200827|585896|"2M USD vs. MXN Call at a delta of 50"|FX|O||USDMXN||USD|CASH||N|N|||P|240262.5|240262.5|240262.5|240262.5|USD|537500000|10750000|537500030|0|537500030|10750000|0|10750000|1|0|1
Tradition SEF Inc.|549300MBO45EHETL4438|20200827|20200827|585899|"OD USD vs. CAD Call at a strike of 1.31"|FX|O||USDCAD||USD|CASH||N|N|||P|85500|85500|67500|67500|USD|50000000.0|50000000|50000000|0|50000000|50000000|0|50000000|2|0|2
Tradition SEF Inc.|549300MBO45EHETL4438|20200827|20200827|585901|"OD USD vs. CAD Call at a strike of 1.3"|FX|O||USDCAD||USD|CASH||N|N|||P|26250|26250|26250|26250|USD|30000000.0|30000000|30000000|0|30000000|30000000|0|30000000|1|0|1
Tradition SEF Inc.|549300MBO45EHETL4438|20200827|20200827|585903|"18M USD vs. CAD Put at a delta of 50"|FX|O||USDCAD||USD|CASH||N|N|||P|176250|176250|176250|176250|USD|250000000|5000000|250000000|0|250000000|5000000|0|5000000|1|0|1
Tradition SEF Inc.|549300MBO45EHETL4438|20200827|20200827|585904|"18M USD vs. CAD Call at a delta of 50"|FX|O||USDCAD||USD|CASH||N|N|||P|157875|157875|157875|157875|USD|250000000|5000000|250000000|0|250000000|5000000|0|5000000|1|0|1
Tradition SEF Inc.|549300MBO45EHETL4438|20200827|20200827|585905|"ON USD vs. JPY Call at a strike of 106.5"|FX|O||USDJPY||USD|CASH||N|N|||P|24500|61250|24500|31500|USD|120000000.0|120000000|120000000|0|120000000|120000000|0|120000000|4|0|4
Tradition SEF Inc.|549300MBO45EHETL4438|20200827|20200827|585907|"OD GBP vs. USD Put at a strike of 1.315"|FX|O||GBPUSD||GBP|CASH||N|N|||P|22000|22000|22000|22000|GBP|20000000.0|20000000|26384000|0|26384000|26384000|0|26384000|1|0|1
Tradition SEF Inc.|549300MBO45EHETL4438|20200827|20200827|585908|"OD GBP vs. USD Call at a strike of 1.325"|FX|O||GBPUSD||GBP|CASH||N|N|||P|38500|38500|38500|38500|GBP|20000000.0|20000000|26384000|0|26384000|26384000|0|26384000|1|0|1
Tradition SEF Inc.|549300MBO45EHETL4438|20200827|20200827|585910|"OD USD vs. JPY Call at a strike of 106.3"|FX|O||USDJPY||USD|CASH||N|N|||P|39000|39000|29000|29000|USD|50000000.0|50000000|50000000|0|50000000|50000000|0|50000000|2|0|2
Tradition SEF Inc.|549300MBO45EHETL4438|20200827|20200827|585915|"OD USD vs. CAD Call at a strike of 1.31"|FX|O||USDCAD||USD|CASH||N|N|||P|206250|206250|206250|206250|USD|50000000.0|50000000|50000000|0|50000000|50000000|0|50000000|1|0|1
Tradition SEF Inc.|549300MBO45EHETL4438|20200827|20200827|585916|"OD USD vs. CAD Call at a strike of 1.295"|FX|O||USDCAD||USD|CASH||N|N|||P|83000|83000|48993.75|48993.75|USD|133250000.0|133250000|133250000|0|133250000|133250000|0|133250000|2|0|2
Tradition SEF Inc.|549300MBO45EHETL4438|20200827|20200827|585919|"OD USD vs. CAD Put at a strike of 1.314"|FX|O||USDCAD||USD|CASH||N|N|||P|107250|107250|107250|107250|USD|30000000.0|30000000|30000000|0|30000000|30000000|0|30000000|1|0|1
Tradition SEF Inc.|549300MBO45EHETL4438|20200827|20200827|585921|"OD EUR vs. USD Put at a strike of 1.18"|FX|O||EURUSD||EUR|CASH||N|N|||P|36500|52500|36500|52500|EUR|50000000.0|50000000|59069996|0|59069996|59069996|0|59069996|2|0|2
Tradition SEF Inc.|549300MBO45EHETL4438|20200827|20200827|585923|"OD AUD vs. USD Call at a strike of 0.7285"|FX|O||AUDUSD||AUD|CASH||N|N|||P|30000|30000|30000|30000|AUD|15000000.0|15000000|10894500|0|10894500|10894500|0|10894500|1|0|1
Tradition SEF Inc.|549300MBO45EHETL4438|20200827|20200827|585925|"3W EUR vs. USD Call at a strike of 1.19"|FX|O||EURUSD||EUR|CASH||N|N|||P|532500|532500|532500|532500|EUR|100000000.0|100000000|118139992|0|118139992|118139992|0|118139992|1|0|1
Tradition SEF Inc.|549300MBO45EHETL4438|20200827|20200827|585926|"3W EUR vs. USD Call at a strike of 1.21"|FX|O||EURUSD||EUR|CASH||N|N|||P|256093.75|256093.75|256093.75|256093.75|EUR|186250000.0|186250000|220035744|0|220035744|220035744|0|220035744|1|0|1
Tradition SEF Inc.|549300MBO45EHETL4438|20200827|20200827|585928|"OD EUR vs. JPY Put at a strike of 126"|FX|O||EURJPY||EUR|CASH||N|N|||P|62250|62250|62250|62250|EUR|30000000.0|30000000|35442000|0|35442000|35442000|0|35442000|1|0|1
Tradition SEF Inc.|549300MBO45EHETL4438|20200827|20200827|5D_USDBRL_NDF|"5 Day Non-Deliverable Forward - United States Dollar and Brazilian Real"|FX|NDF||USDBRL||USD|CASH||N|N|||O|5.5903|5.619|5.5586|5.5586|USD|372500000.0|372500000|372500000|0|372500000|372500000|0|372500000|9|0|9
Tradition SEF Inc.|549300MBO45EHETL4438|20200827|20200827|35D_USDBRL_NDF|"35 Day Non-Deliverable Forward - United States Dollar and Brazilian Real"|FX|NDF||USDBRL||USD|CASH||N|N|||O|5.6249|5.6249|5.6048|5.6048|USD|345000000.0|345000000|345000000|0|345000000|345000000|0|345000000|5|0|5
Tradition SEF Inc.|549300MBO45EHETL4438|20200827|20200827|TN_USDCLP_NDF|"Tomorrow Next Non-Deliverable Forward - United States Dollar and Chilean Peso"|FX|NDF||USDCLP||USD|CASH||N|N|||O|783|783|783|783|USD|14000000.0|14000000|14000000|0|14000000|14000000|0|14000000|2|0|2
Tradition SEF Inc.|549300MBO45EHETL4438|20200827|20200827|5D_USDCLP_NDF|"5 Day Non-Deliverable Forward - United States Dollar and Chilean Peso"|FX|NDF||USDCLP||USD|CASH||N|N|||O|786.25|786.25|786.25|786.25|USD|73000000.0|73000000|73000000|0|73000000|73000000|0|73000000|2|0|2
Tradition SEF Inc.|549300MBO45EHETL4438|20200827|20200827|10D_USDCLP_NDF|"10 Day Non-Deliverable Forward - United States Dollar and Chilean Peso"|FX|NDF||USDCLP||USD|CASH||N|N|||O|786.27|786.27|786.27|786.27|USD|73000000.0|73000000|73000000|0|73000000|73000000|0|73000000|2|0|2
Tradition SEF Inc.|549300MBO45EHETL4438|20200827|20200827|12D_USDCLP_NDF|"12 Day Non-Deliverable Forward - United States Dollar and Chilean Peso"|FX|NDF||USDCLP||USD|CASH||N|N|||O|785.5|785.5|785.5|785.5|USD|30000000.0|30000000|30000000|0|30000000|30000000|0|30000000|1|0|1
Tradition SEF Inc.|549300MBO45EHETL4438|20200827|20200827|19D_USDCLP_NDF|"19 Day Non-Deliverable Forward - United States Dollar and Chilean Peso"|FX|NDF||USDCLP||USD|CASH||N|N|||O|782.3|782.3|782.3|782.3|USD|20000000.0|20000000|20000000|0|20000000|20000000|0|20000000|1|0|1
Tradition SEF Inc.|549300MBO45EHETL4438|20200827|20200827|4W_USDCLP_NDF|"4 Week Non-Deliverable Forward - United States Dollar and Chilean Peso"|FX|NDF||USDCLP||USD|CASH||N|N|||O|785.55|785.55|785.55|785.55|USD|30000000.0|30000000|30000000|0|30000000|30000000|0|30000000|1|0|1
Tradition SEF Inc.|549300MBO45EHETL4438|20200827|20200827|1M_USDCLP_NDF|"1 Month Non-Deliverable Forward - United States Dollar and Chilean Peso"|FX|NDF||USDCLP||USD|CASH||N|N|||O|783.25|784.75|783.25|784.75|USD|39000000.0|39000000|39000000|0|39000000|39000000|0|39000000|3|0|3
Tradition SEF Inc.|549300MBO45EHETL4438|20200827|20200827|110D_USDCLP_NDF|"110 Day Non-Deliverable Forward - United States Dollar and Chilean Peso"|FX|NDF||USDCLP||USD|CASH||N|N|||O|781.85|781.85|781.85|781.85|USD|20000000.0|20000000|20000000|0|20000000|20000000|0|20000000|1|0|1
Tradition SEF Inc.|549300MBO45EHETL4438|20200827|20200827|6M_USDCLP_NDF|"6 Month Non-Deliverable Forward - United States Dollar and Chilean Peso"|FX|NDF||USDCLP||USD|CASH||N|N|||O|783.65|783.65|783.65|783.65|USD|25000000.0|25000000|25000000|0|25000000|25000000|0|25000000|1|0|1
Tradition SEF Inc.|549300MBO45EHETL4438|20200827|20200827|SN_USDCOP_NDF|"Spot Next Non-Deliverable Forward - United States Dollar and Colombian Peso"|FX|NDF||USDCOP||USD|CASH||N|N|||O|3833.5|3833.5|3833.5|3833.5|USD|17000000.0|17000000|17000000|0|17000000|17000000|0|17000000|3|0|3
Tradition SEF Inc.|549300MBO45EHETL4438|20200827|20200827|5D_USDCOP_NDF|"5 Day Non-Deliverable Forward - United States Dollar and Colombian Peso"|FX|NDF||USDCOP||USD|CASH||N|N|||O|3834.32|3834.32|3834.32|3834.32|USD|12000000.0|12000000|12000000|0|12000000|12000000|0|12000000|1|0|1
Tradition SEF Inc.|549300MBO45EHETL4438|20200827|20200827|1M_USDCOP_NDF|"1 Month Non-Deliverable Forward - United States Dollar and Colombian Peso"|FX|NDF||USDCOP||USD|CASH||N|N|||O|3829.34|3842|3822.5|3822.5|USD|135700000.0|135700000|135700000|0|135700000|135700000|0|135700000|15|0|15
Tradition SEF Inc.|549300MBO45EHETL4438|20200827|20200827|3M_USDCOP_NDF|"3 Month Non-Deliverable Forward - United States Dollar and Colombian Peso"|FX|NDF||USDCOP||USD|CASH||N|N|||O|3840.9|3840.95|3840.9|3840.95|USD|60000000.0|60000000|60000000|0|60000000|60000000|0|60000000|3|0|3
Tradition SEF Inc.|549300MBO45EHETL4438|20200827|20200827|1M_USDIDR_NDF|"1 Month Non-Deliverable Forward - United States Dollar and Indonesian Rupiah"|FX|NDF||USDIDR||USD|CASH||N|N|||O|14742|14742|14739|14739|USD|5000000.0|5000000|5000000|0|5000000|5000000|0|5000000|2|0|2
Tradition SEF Inc.|549300MBO45EHETL4438|20200827|20200827|1W_USDINR_NDF|"1 Week Non-Deliverable Forward - United States Dollar and Indian Rupee"|FX|NDF||USDINR||USD|CASH||N|N|||O|74.3713|74.3763|74.3713|74.3763|USD|79000000.0|79000000|79000000|0|79000000|79000000|0|79000000|3|0|3
Tradition SEF Inc.|549300MBO45EHETL4438|20200827|20200827|19D_USDINR_NDF|"19 Day Non-Deliverable Forward - United States Dollar and Indian Rupee"|FX|NDF||USDINR||USD|CASH||N|N|||O|74.37|74.37|74.37|74.37|USD|10000000.0|10000000|10000000|0|10000000|10000000|0|10000000|1|0|1
Tradition SEF Inc.|549300MBO45EHETL4438|20200827|20200827|1M_USDINR_NDF|"1 Month Non-Deliverable Forward - United States Dollar and Indian Rupee"|FX|NDF||USDINR||USD|CASH||N|N|||O|74.47|74.47|74.17|74.2|USD|45000000.0|45000000|45000000|0|45000000|45000000|0|45000000|4|0|4
Tradition SEF Inc.|549300MBO45EHETL4438|20200827|20200827|62D_USDINR_NDF|"62 Day Non-Deliverable Forward - United States Dollar and Indian Rupee"|FX|NDF||USDINR||USD|CASH||N|N|||O|74.71|74.71|74.71|74.71|USD|15000000.0|15000000|15000000|0|15000000|15000000|0|15000000|1|0|1
Tradition SEF Inc.|549300MBO45EHETL4438|20200827|20200827|110D_USDINR_NDF|"110 Day Non-Deliverable Forward - United States Dollar and Indian Rupee"|FX|NDF||USDINR||USD|CASH||N|N|||O|75.1|75.1|75.1|75.1|USD|10000000.0|10000000|10000000|0|10000000|10000000|0|10000000|1|0|1
Tradition SEF Inc.|549300MBO45EHETL4438|20200827|20200827|6M_USDINR_NDF|"6 Month Non-Deliverable Forward - United States Dollar and Indian Rupee"|FX|NDF||USDINR||USD|CASH||N|N|||O|75.41|75.48|75.41|75.48|USD|20000000.0|20000000|20000000|0|20000000|20000000|0|20000000|2|0|2
Tradition SEF Inc.|549300MBO45EHETL4438|20200827|20200827|12M_USDINR_NDF|"12 Month Non-Deliverable Forward - United States Dollar and Indian Rupee"|FX|NDF||USDINR||USD|CASH||N|N|||O|77.13|77.13|77.13|77.13|USD|10000000.0|10000000|10000000|0|10000000|10000000|0|10000000|1|0|1
Tradition SEF Inc.|549300MBO45EHETL4438|20200827|20200827|34D_USDMYR_NDF|"34 Day Non-Deliverable Forward - United States Dollar and Malaysian Ringgit"|FX|NDF||USDMYR||USD|CASH||N|N|||O|4.1709|4.1709|4.1709|4.1709|USD|18000000.0|18000000|18000000|0|18000000|18000000|0|18000000|3|0|3
Tradition SEF Inc.|549300MBO45EHETL4438|20200827|20200827|TN_USDPEN_NDF|"Tomorrow Next Non-Deliverable Forward - United States Dollar and Peruvian Nuevo Sol"|FX|NDF||USDPEN||USD|CASH||N|N|||O|3.57|3.57|3.57|3.57|USD|9000000.0|9000000|9000000|0|9000000|9000000|0|9000000|1|0|1
Tradition SEF Inc.|549300MBO45EHETL4438|20200827|20200827|SN_USDPEN_NDF|"Spot Next Non-Deliverable Forward - United States Dollar and Peruvian Nuevo Sol"|FX|NDF||USDPEN||USD|CASH||N|N|||O|3.565|3.565|3.562|3.562|USD|21000000.0|21000000|21000000|0|21000000|21000000|0|21000000|2|0|2
Tradition SEF Inc.|549300MBO45EHETL4438|20200827|20200827|5D_USDPEN_NDF|"5 Day Non-Deliverable Forward - United States Dollar and Peruvian Nuevo Sol"|FX|NDF||USDPEN||USD|CASH||N|N|||O|3.5652|3.5652|3.5652|3.5652|USD|1000000.0|1000000|1000000|0|1000000|1000000|0|1000000|1|0|1
Tradition SEF Inc.|549300MBO45EHETL4438|20200827|20200827|2W_USDPEN_NDF|"2 Week Non-Deliverable Forward - United States Dollar and Peruvian Nuevo Sol"|FX|NDF||USDPEN||USD|CASH||N|N|||O|3.563|3.563|3.563|3.563|USD|17000000.0|17000000|17000000|0|17000000|17000000|0|17000000|1|0|1
Tradition SEF Inc.|549300MBO45EHETL4438|20200827|20200827|26D_USDPEN_NDF|"26 Day Non-Deliverable Forward - United States Dollar and Peruvian Nuevo Sol"|FX|NDF||USDPEN||USD|CASH||N|N|||O|3.5634|3.5635|3.5634|3.5635|USD|17000000.0|17000000|17000000|0|17000000|17000000|0|17000000|2|0|2
Tradition SEF Inc.|549300MBO45EHETL4438|20200827|20200827|1M_USDPEN_NDF|"1 Month Non-Deliverable Forward - United States Dollar and Peruvian Nuevo Sol"|FX|NDF||USDPEN||USD|CASH||N|N|||O|3.5713|3.5713|3.559|3.566|USD|71000000.0|71000000|71000000|0|71000000|71000000|0|71000000|5|0|5
Tradition SEF Inc.|549300MBO45EHETL4438|20200827|20200827|6M_USDPEN_NDF|"6 Month Non-Deliverable Forward - United States Dollar and Peruvian Nuevo Sol"|FX|NDF||USDPEN||USD|CASH||N|N|||O|3.574|3.574|3.574|3.574|USD|40000000.0|40000000|40000000|0|40000000|40000000|0|40000000|2|0|2
Tradition SEF Inc.|549300MBO45EHETL4438|20200827|20200827|SN_USDTWD_NDF|"Spot Next Non-Deliverable Forward - United States Dollar and Taiwan New Dollar"|FX|NDF||USDTWD||USD|CASH||N|N|||O|29.35|29.355|29.35|29.352|USD|65000000.0|65000000|65000000|0|65000000|65000000|0|65000000|4|0|4
Tradition SEF Inc.|549300MBO45EHETL4438|20200827|20200827|6D_USDTWD_NDF|"6 Day Non-Deliverable Forward - United States Dollar and Taiwan New Dollar"|FX|NDF||USDTWD||USD|CASH||N|N|||O|29.354|29.354|29.354|29.354|USD|20000000.0|20000000|20000000|0|20000000|20000000|0|20000000|1|0|1
Tradition SEF Inc.|549300MBO45EHETL4438|20200827|20200827|1W_USDTWD_NDF|"1 Week Non-Deliverable Forward - United States Dollar and Taiwan New Dollar"|FX|NDF||USDTWD||USD|CASH||N|N|||O|29.347|29.36|29.347|29.35|USD|244000000.0|244000000|244000000|0|244000000|244000000|0|244000000|12|0|12
Tradition SEF Inc.|549300MBO45EHETL4438|20200827|20200827|1M_USDTWD_NDF|"1 Month Non-Deliverable Forward - United States Dollar and Taiwan New Dollar"|FX|NDF||USDTWD||USD|CASH||N|N|||O|29.272|29.3|29.272|29.295|USD|490000000.0|490000000|490000000|0|490000000|490000000|0|490000000|24|0|24
Tradition SEF Inc.|549300MBO45EHETL4438|20200827|20200827|5W_USDTWD_NDF|"5 Week Non-Deliverable Forward - United States Dollar and Taiwan New Dollar"|FX|NDF||USDTWD||USD|CASH||N|N|||O|29.278|29.285|29.278|29.285|USD|65000000.0|65000000|65000000|0|65000000|65000000|0|65000000|4|0|4
Tradition SEF Inc.|549300MBO45EHETL4438|20200827|20200827|2M_USDTWD_NDF|"2 Month Non-Deliverable Forward - United States Dollar and Taiwan New Dollar"|FX|NDF||USDTWD||USD|CASH||N|N|||O|29.205|29.205|29.195|29.195|USD|80000000.0|80000000|80000000|0|80000000|80000000|0|80000000|2|0|2
Tradition SEF Inc.|549300MBO45EHETL4438|20200827|20200827|3M_USDTWD_NDF|"3 Month Non-Deliverable Forward - United States Dollar and Taiwan New Dollar"|FX|NDF||USDTWD||USD|CASH||N|N|||O|29.095|29.095|29.088|29.088|USD|90000000.0|90000000|90000000|0|90000000|90000000|0|90000000|5|0|5
Tradition SEF Inc.|549300MBO45EHETL4438|20200827|20200827|12M_USDTWD_NDF|"12 Month Non-Deliverable Forward - United States Dollar and Taiwan New Dollar"|FX|NDF||USDTWD||USD|CASH||N|N|||O|28.44|28.455|28.44|28.455|USD|20000000.0|20000000|20000000|0|20000000|20000000|0|20000000|2|0|2
Tradition SEF Inc.|549300MBO45EHETL4438|20200827|20200827|585858|"Variance Swap - Underlying: SPX - 79 Days"|EQ|S|VAR|SINDX|SPX|USD|CASH||N|N|||V|29.25|30.4|29.25|30.4|USD|9207.71470|9207.7147|9207.715|0|9207.715|9207.715|0|9207.715|5|0|5
Tradition SEF Inc.|549300MBO45EHETL4438|20200827|20200827|585878|"Variance Swap - Underlying: SPX - 330 Days"|EQ|S|VAR|SINDX|SPX|USD|CASH||N|N|||V|29.4|29.7|29.4|29.7|USD|16888.61840|16888.6184|16888.62|0|16888.62|16888.62|0|16888.62|4|0|4
Tradition SEF Inc.|549300MBO45EHETL4438|20200827|20200827|585914|"Variance Swap - Underlying: SPX - 203 Days"|EQ|S|VAR|SINDX|SPX|USD|CASH||N|N|||V|30.35|30.35|30.35|30.35|USD|5766.06260|5766.0626|5766.0625|0|5766.0625|5766.0625|0|5766.0625|3|0|3
Tradition SEF Inc.|549300MBO45EHETL4438|20200827|20200901|USDv3MLIB-SB:20Y|"20Y USD SB vs 3M LIBOR"|IR|S|FF|6M_30E/360.ISDA_vs_3M_ACT/360|3M_USD-LIBOR-BBA|USD|CASH||N|N|LCH.Clearnet Limited|F226TOH6YD6XJB17KS62|P|0.981875|1.086875|0.971875|1.08125|USD|27000000.00000|27000000|27000000|27000000|0|27000000|27000000|0|2|2|0
Tradition SEF Inc.|549300MBO45EHETL4438|20200827|20200901|USDv3MLIB-SB:5Y|"5Y USD SB vs 3M LIBOR"|IR|S|FF|6M_30E/360.ISDA_vs_3M_ACT/360|3M_USD-LIBOR-BBA|USD|CASH||N|N|LCH.Clearnet Limited|F226TOH6YD6XJB17KS62|P|0.334375|0.381875|0.32375|0.369375|USD|2427000000.00000|2427000000|2427000060|2427000060|0|2427000060|2427000060|0|18|18|0
Tradition SEF Inc.|549300MBO45EHETL4438|20200827|20200901|USDv3ML-SB:2Y-CME|"2Y USD SB CME vs 3M LIBOR"|IR|S|FF|6M_30E/360.ISDA_vs_3M_ACT/360|3M_USD-LIBOR-BBA|USD|CASH||N|N|Chicago Mercantile Exchange|KJNXBSWZVIKEX4NFOL81|P|0.245|0.245|0.245|0.245|USD|1000000000.00000|1000000000|1000000000|1000000000|0|1000000000|1000000000|0|1|1|0
Tradition SEF Inc.|549300MBO45EHETL4438|20200827|20200901|USDv3ML-SB:25Y-CME|"25Y USD SB CME vs 3M LIBOR"|IR|S|FF|6M_30E/360.ISDA_vs_3M_ACT/360|3M_USD-LIBOR-BBA|USD|CASH||N|N|Chicago Mercantile Exchange|KJNXBSWZVIKEX4NFOL81|P|1.108125|1.108125|1.105|1.105|USD|400000000.00000|400000000|400000000|400000000|0|400000000|400000000|0|6|6|0
Tradition SEF Inc.|549300MBO45EHETL4438|20200827|20200901|USDv3MLIB-SB:30Y|"30Y USD SB vs 3M LIBOR"|IR|S|FF|6M_30E/360.ISDA_vs_3M_ACT/360|3M_USD-LIBOR-BBA|USD|CASH||N|N|LCH.Clearnet Limited|F226TOH6YD6XJB17KS62|P|1.04897|1.165|1.018125|1.146875|USD|204000000.00000|204000000|204000000|204000000|0|204000000|204000000|0|10|10|0
Tradition SEF Inc.|549300MBO45EHETL4438|20200827|20200901|USDv3MLIB-SB:3Y|"3Y USD SB vs 3M LIBOR"|IR|S|FF|6M_30E/360.ISDA_vs_3M_ACT/360|3M_USD-LIBOR-BBA|USD|CASH||N|N|LCH.Clearnet Limited|F226TOH6YD6XJB17KS62|P|0.2425|0.279375|0.231875|0.275625|USD|1282000000.00000|1282000000|1282000000|1282000000|0|1282000000|1282000000|0|7|7|0
Tradition SEF Inc.|549300MBO45EHETL4438|20200827|20200901|USDv3ML-SB:10Y-CME|"10Y USD SB CME vs 3M LIBOR"|IR|S|FF|6M_30E/360.ISDA_vs_3M_ACT/360|3M_USD-LIBOR-BBA|USD|CASH||N|N|Chicago Mercantile Exchange|KJNXBSWZVIKEX4NFOL81|P|0.736875|0.736875|0.733125|0.733125|USD|931000000.00000|931000000|931000000|931000000|0|931000000|931000000|0|6|6|0
Tradition SEF Inc.|549300MBO45EHETL4438|20200827|20200901|USDv3MLIB-SB:2Y|"2Y USD SB vs 3M LIBOR"|IR|S|FF|6M_30E/360.ISDA_vs_3M_ACT/360|3M_USD-LIBOR-BBA|USD|CASH||N|N|LCH.Clearnet Limited|F226TOH6YD6XJB17KS62|P|0.23|0.278125|0.201875|0.258125|USD|1775000000.00000|1775000000|1775000060|1775000060|0|1775000060|1775000060|0|4|4|0
Tradition SEF Inc.|549300MBO45EHETL4438|20200827|20200901|USDv3MLIB-SB:15Y|"15Y USD SB vs 3M LIBOR"|IR|S|FF|6M_30E/360.ISDA_vs_3M_ACT/360|3M_USD-LIBOR-BBA|USD|CASH||N|N|LCH.Clearnet Limited|F226TOH6YD6XJB17KS62|P|0.88875|0.98375|0.8725|0.9725|USD|443000000.00000|443000000|443000000|443000000|0|443000000|443000000|0|5|5|0
Tradition SEF Inc.|549300MBO45EHETL4438|20200827|20200901|USDv3MLIB-AM:1Y|"1Y USD AM vs 3M LIBOR"|IR|S|FF|6M_30E/360.ISDA_vs_3M_ACT/360|3M_USD-LIBOR-BBA|USD|CASH||N|N|LCH.Clearnet Limited|F226TOH6YD6XJB17KS62|P|0.2525|0.2525|0.2525|0.2525|USD|500000000.00000|500000000|500000000|500000000|0|500000000|500000000|0|1|1|0
Tradition SEF Inc.|549300MBO45EHETL4438|20200827|20200901|USDv3MLIB-SB:12Y|"12Y USD SB vs 3M LIBOR"|IR|S|FF|6M_30E/360.ISDA_vs_3M_ACT/360|3M_USD-LIBOR-BBA|USD|CASH||N|N|LCH.Clearnet Limited|F226TOH6YD6XJB17KS62|P|0.78625|0.865|0.77|0.861875|USD|600000000.00000|600000000|600000000|600000000|0|600000000|600000000|0|3|3|0
Tradition SEF Inc.|549300MBO45EHETL4438|20200827|20200901|USDv3MLIB-SB:40Y|"40Y USD SB vs 3M LIBOR"|IR|S|FF|6M_30E/360.ISDA_vs_3M_ACT/360|3M_USD-LIBOR-BBA|USD|CASH||N|N|LCH.Clearnet Limited|F226TOH6YD6XJB17KS62|P|1.078125|1.078125|1.078125|1.078125|USD|65000000.00000|65000000|65000000|65000000|0|65000000|65000000|0|2|2|0
Tradition SEF Inc.|549300MBO45EHETL4438|20200827|20200901|USDv3MLIB-SB:25Y|"25Y USD SB vs 3M LIBOR"|IR|S|FF|6M_30E/360.ISDA_vs_3M_ACT/360|3M_USD-LIBOR-BBA|USD|CASH||N|N|LCH.Clearnet Limited|F226TOH6YD6XJB17KS62|P|1.0275|1.1325|1.0125|1.12625|USD|412000000.00000|412000000|412000000|412000000|0|412000000|412000000|0|7|7|0
Tradition SEF Inc.|549300MBO45EHETL4438|20200827|20200901|USD.FFv3ML-AM:2Y|"2Y USD FF 3ml"|IR|S|FFL|6M_ACT/360_vs_1D_ACT/360_vs_3M_ACT/360|1D_USD-Federal Funds-H.15_vs_3M_USD-LIBOR-BBA|USD|CASH||N|N|LCH.Clearnet Limited|F226TOH6YD6XJB17KS62|O|19.5|19.5|19.5|19.5|USD|250000000.00000|250000000|250000000|250000000|0|250000000|250000000|0|1|1|0
Tradition SEF Inc.|549300MBO45EHETL4438|20200827|20200901|USDv3MLIB-SB:10Y|"10Y USD SB vs 3M LIBOR"|IR|S|FF|6M_30E/360.ISDA_vs_3M_ACT/360|3M_USD-LIBOR-BBA|USD|CASH||N|N|LCH.Clearnet Limited|F226TOH6YD6XJB17KS62|P|0.68625|0.75875|0.664375|0.75375|USD|1933000000.00000|1933000000|1932999940|1932999940|0|1932999940|1932999940|0|18|18|0
Tradition SEF Inc.|549300MBO45EHETL4438|20200827|20200901|USDv3MLIB-SB:7Y|"7Y USD SB vs 3M LIBOR"|IR|S|FF|6M_30E/360.ISDA_vs_3M_ACT/360|3M_USD-LIBOR-BBA|USD|CASH||N|N|LCH.Clearnet Limited|F226TOH6YD6XJB17KS62|P|0.48|0.546875|0.4675|0.520312|USD|1000000000.00000|1000000000|1000000000|1000000000|0|1000000000|1000000000|0|3|3|0
Tradition SEF Inc.|549300MBO45EHETL4438|20200827|20200901|5Y_BSW_3M-3M_CDOR_3M-3M_USDLIBOR|"5 Year Cross Currency Basis Swap - 3 Month CDOR Rate for CAD vs. 3 Month LIBOR for USD"|IR|S|FFL|3M_3M_ACT/365.FIXED_vs_3M_3M_ACT/360|3M_CAD-BA-CDOR_vs_3M_USD-LIBOR-BBA|CAD|CASH||N|N|||O|-0.16|-0.16|-0.16|-0.16|CAD|240000000.0|240000000|182808000|0|182808000|182808000|0|182808000|2|0|2
Tradition SEF Inc.|549300MBO45EHETL4438|20200827|20200901|30Y_BSW_3M-3M_CDOR_3M-3M_USDLIBOR|"30 Year Cross Currency Basis Swap - 3 Month CDOR Rate for CAD vs. 3 Month LIBOR for USD"|IR|S|FFL|3M_3M_ACT/365.FIXED_vs_3M_3M_ACT/360|3M_CAD-BA-CDOR_vs_3M_USD-LIBOR-BBA|CAD|CASH||N|N|||O|-0.1725|-0.1725|-0.1725|-0.1725|CAD|25000000.0|25000000|19042500|0|19042500|19042500|0|19042500|1|0|1
Tradition SEF Inc.|549300MBO45EHETL4438|20200827|20200831|3Y_BSW_6M-6M_CLFUF_6M-6M_CLICP|"3 Year Cross Currency Basis Swap - 6 Month Unidad de Fomento for CLF vs. 6 Month SIRA Rate for CLP"|IR|S|FFL|6M_6M_ACT/360_vs_6M_6M_ACT/360|6M_CL-CLICP-Bloomberg_vs_6M_CL-CLICP-Bloomberg|CLF|CASH||N|N|||P|-1.85|-1.85|-1.85|-1.85|CLF|300000.0|300000|10976700|0|10976700|10976700|0|10976700|1|0|1
Tradition SEF Inc.|549300MBO45EHETL4438|20200827|20200831|5Y_BSW_6M-6M_CLFUF_6M-6M_CLICP|"5 Year Cross Currency Basis Swap - 6 Month Unidad de Fomento for CLF vs. 6 Month SIRA Rate for CLP"|IR|S|FFL|6M_6M_ACT/360_vs_6M_6M_ACT/360|6M_CL-CLICP-Bloomberg_vs_6M_CL-CLICP-Bloomberg|CLF|CASH||N|N|||P|-1.41|-1.41|-1.41|-1.41|CLF|300000.0|300000|10976700|0|10976700|10976700|0|10976700|1|0|1
Tradition SEF Inc.|549300MBO45EHETL4438|20200827|20200901|1Y_BSW_3M-3M_EURIBOR_3M-3M_USDLIBOR|"1 Year Cross Currency Basis Swap - 3 Month EURIBOR for EUR vs. 3 Month LIBOR for USD"|IR|S|FFL|3M_3M_ACT/360_vs_3M_3M_ACT/360|3M_EUR-EURIBOR-Reuters_vs_3M_USD-LIBOR-BBA|EUR|CASH||N|N|||O|-0.08|-0.08|-0.08|-0.08|EUR|167500000.0|167500000|197884496|0|197884496|197884496|0|197884496|1|0|1
Tradition SEF Inc.|549300MBO45EHETL4438|20200827|20200901|1Y_BSW_3M-3M_GBPLIBOR_3M-3M_USDLIBOR|"1 Year Cross Currency Basis Swap - 3 Month LIBOR for GBP vs. 3 Month LIBOR for USD"|IR|S|FFL|3M_3M_ACT/365.FIXED_vs_3M_3M_ACT/360|3M_GBP-LIBOR-BBA_vs_3M_USD-LIBOR-BBA|GBP|CASH||N|N|||O|-0.005|-0.005|-0.005|-0.005|GBP|150000000.0|150000000|197880000|0|197880000|197880000|0|197880000|1|0|1
Tradition SEF Inc.|549300MBO45EHETL4438|20200827|20200901|1Y_BSW_3M-3M_JPYLIBOR_3M-3M_USDLIBOR|"1 Year Cross Currency Basis Swap - 3 Month LIBOR for JPY vs. 3 Month LIBOR for USD"|IR|S|FFL|3M_3M_ACT/360_vs_3M_3M_ACT/360|3M_JPY-LIBOR-BBA_vs_3M_USD-LIBOR-BBA|JPY|CASH||N|N|||O|-0.2625|-0.2625|-0.2625|-0.2625|JPY|40000000000.0|40000000000|374760000|0|374760000|374760000|0|374760000|1|0|1
Tradition SEF Inc.|549300MBO45EHETL4438|20200827|20200901|2Y_BSW_3M-3M_JPYLIBOR_3M-3M_USDLIBOR|"2 Year Cross Currency Basis Swap - 3 Month LIBOR for JPY vs. 3 Month LIBOR for USD"|IR|S|FFL|3M_3M_ACT/360_vs_3M_3M_ACT/360|3M_JPY-LIBOR-BBA_vs_3M_USD-LIBOR-BBA|JPY|CASH||N|N|||O|-0.3175|-0.3175|-0.3225|-0.3225|JPY|35000000000.0|35000000000|327915008|0|327915008|327915008|0|327915008|2|0|2
Tradition SEF Inc.|549300MBO45EHETL4438|20200827|20200901|5Y_BSW_3M-3M_JPYLIBOR_3M-3M_USDLIBOR|"5 Year Cross Currency Basis Swap - 3 Month LIBOR for JPY vs. 3 Month LIBOR for USD"|IR|S|FFL|3M_3M_ACT/360_vs_3M_3M_ACT/360|3M_JPY-LIBOR-BBA_vs_3M_USD-LIBOR-BBA|JPY|CASH||N|N|||O|-0.42|-0.419475|-0.4375|-0.4375|JPY|27810000000.0|27810000000|260551888|0|260551888|260551888|0|260551888|6|0|6
Tradition SEF Inc.|549300MBO45EHETL4438|20200827|20200901|9Y_BSW_3M-3M_JPYLIBOR_3M-3M_USDLIBOR|"9 Year Cross Currency Basis Swap - 3 Month LIBOR for JPY vs. 3 Month LIBOR for USD"|IR|S|FFL|3M_3M_ACT/360_vs_3M_3M_ACT/360|3M_JPY-LIBOR-BBA_vs_3M_USD-LIBOR-BBA|JPY|CASH||N|N|||O|-0.50952|-0.50952|-0.51|-0.51|JPY|7000000000.0|7000000000|65583000|0|65583000|65583000|0|65583000|2|0|2
Tradition SEF Inc.|549300MBO45EHETL4438|20200827|20200901|10Y_BSW_3M-3M_JPYLIBOR_3M-3M_USDLIBOR|"10 Year Cross Currency Basis Swap - 3 Month LIBOR for JPY vs. 3 Month LIBOR for USD"|IR|S|FFL|3M_3M_ACT/360_vs_3M_3M_ACT/360|3M_JPY-LIBOR-BBA_vs_3M_USD-LIBOR-BBA|JPY|CASH||N|N|||O|-0.525|-0.525|-0.53|-0.5292|JPY|8000000000.0|8000000000|74952000|0|74952000|74952000|0|74952000|5|0|5
Tradition SEF Inc.|549300MBO45EHETL4438|20200827|20200901|15Y_BSW_3M-3M_JPYLIBOR_3M-3M_USDLIBOR|"15 Year Cross Currency Basis Swap - 3 Month LIBOR for JPY vs. 3 Month LIBOR for USD"|IR|S|FFL|3M_3M_ACT/360_vs_3M_3M_ACT/360|3M_JPY-LIBOR-BBA_vs_3M_USD-LIBOR-BBA|JPY|CASH||N|N|||O|-0.54|-0.54|-0.54|-0.54|JPY|1500000000.0|1500000000|14053500|0|14053500|14053500|0|14053500|1|0|1
Tradition SEF Inc.|549300MBO45EHETL4438|20200827|20200831|5Y_BSW_3M-3M_USDLIBOR_3M-3M_IBR|"5 Year Cross Currency Basis Swap - 3 Month LIBOR for USD vs. 3 Month IBR for COP"|IR|S|FFL|3M_3M_ACT/360_vs_3M_3M_ACT/360|3M_USD-LIBOR-BBA_vs_3M_COP-IBR-OIS-COMPOUND|USD|CASH||N|N|||O|-0.39|-0.365|-0.39|-0.39|USD|44000000.0|44000000|44000000|0|44000000|44000000|0|44000000|4|0|4
Tradition SEF Inc.|549300MBO45EHETL4438|20200827|20200831|9Y_BSW_3M-3M_USDLIBOR_3M-3M_IBR|"9 Year Cross Currency Basis Swap - 3 Month LIBOR for USD vs. 3 Month IBR for COP"|IR|S|FFL|3M_3M_ACT/360_vs_3M_3M_ACT/360|3M_USD-LIBOR-BBA_vs_3M_COP-IBR-OIS-COMPOUND|USD|CASH||N|N|||O|-0.27|-0.2225|-0.275|-0.27|USD|27300000.0|27300000|27300000|0|27300000|27300000|0|27300000|4|0|4
Tradition SEF Inc.|549300MBO45EHETL4438|20200827|20200831|10Y_BSW_3M-3M_USDSOFR_3M-3M_FEDFUNDS_LCH|"10 Year Single Currency Basis Swap - 3 Month Secured Overnight Financing Rate (USD) vs. 3 Month Fed Effective Rate"|IR|S|FFL|3M_3M_ACT/360_vs_3M_3M_ACT/360|3M_USD-SOFR-COMPOUND_vs_3M_USD-Federal Funds-H.15-OIS-COMPOUND|USD|CASH||N|N|LCH.Clearnet Limited|F226TOH6YD6XJB17KS62|O|0.01625|0.01625|0.01625|0.01625|USD|250000000.0|250000000|250000000|250000000|0|250000000|250000000|0|3|3|0
Tradition SEF Inc.|549300MBO45EHETL4438|20200827|20200831|20Y_BSW_3M-3M_USDSOFR_3M-3M_FEDFUNDS_LCH|"20 Year Single Currency Basis Swap - 3 Month Secured Overnight Financing Rate (USD) vs. 3 Month Fed Effective Rate"|IR|S|FFL|3M_3M_ACT/360_vs_3M_3M_ACT/360|3M_USD-SOFR-COMPOUND_vs_3M_USD-Federal Funds-H.15-OIS-COMPOUND|USD|CASH||N|N|LCH.Clearnet Limited|F226TOH6YD6XJB17KS62|O|0.0375|0.0375|0.0375|0.0375|USD|50000000.0|50000000|50000000|50000000|0|50000000|50000000|0|1|1|0
Tradition SEF Inc.|549300MBO45EHETL4438|20200827|20201130|3M-6M_FRA_3M_BUBOR_LCH|"3 Month by 6 Month Forward Rate Agreement - 3 Month BUBOR Rate for HUF"|IR|FRA||3M_ACT/360_vs_3M_3M_ACT/360|3M_HUF-BUBOR-Reuters|HUF|CASH||N|N|LCH.Clearnet Limited|F226TOH6YD6XJB17KS62|P|0.78|0.78|0.78|0.78|HUF|121750000000.0|121750000000|404210016|404210016|0|404210016|404210016|0|1|1|0
Tradition SEF Inc.|549300MBO45EHETL4438|20200827|20210226|6M-9M_FRA_3M_BUBOR_LCH|"6 Month by 9 Month Forward Rate Agreement - 3 Month BUBOR Rate for HUF"|IR|FRA||3M_ACT/360_vs_3M_3M_ACT/360|3M_HUF-BUBOR-Reuters|HUF|CASH||N|N|LCH.Clearnet Limited|F226TOH6YD6XJB17KS62|P|0.85|0.85|0.85|0.85|HUF|182650000000.0|182650000000|606397950|606397950|0|606397950|606397950|0|2|2|0
Tradition SEF Inc.|549300MBO45EHETL4438|20200827|20210531|9M-12M_FRA_3M_BUBOR_LCH|"9 Month by 12 Month Forward Rate Agreement - 3 Month BUBOR Rate for HUF"|IR|FRA||3M_ACT/360_vs_3M_3M_ACT/360|3M_HUF-BUBOR-Reuters|HUF|CASH||N|N|LCH.Clearnet Limited|F226TOH6YD6XJB17KS62|P|0.89|0.89|0.89|0.89|HUF|60900000000.0|60900000000|202188000|202188000|0|202188000|202188000|0|1|1|0
Tradition SEF Inc.|549300MBO45EHETL4438|20200827|20200930|1M-3M_002_FRA_3M_USDLIBOR_LCH|"1 Month by 3 Month Forward Rate Agreement - 3 Month LIBOR for USD"|IR|FRA||3M_ACT/360_vs_3M_3M_ACT/360|3M_USD-LIBOR-BBA|USD|CASH||N|N|LCH.Clearnet Limited|F226TOH6YD6XJB17KS62|P|0.2525|0.2525|0.2525|0.2525|USD|1000000000.0|1000000000|1000000000|1000000000|0|1000000000|1000000000|0|1|1|0
Tradition SEF Inc.|549300MBO45EHETL4438|20200827|20200916|1M-3M_003_FRA_3M_USDLIBOR_LCH|"1 Month by 3 Month Forward Rate Agreement - 3 Month LIBOR for USD"|IR|FRA||3M_ACT/360_vs_3M_3M_ACT/360|3M_USD-LIBOR-BBA|USD|CASH||N|N|LCH.Clearnet Limited|F226TOH6YD6XJB17KS62|P|0.2375|0.2375|0.2375|0.2375|USD|1000000000.0|1000000000|1000000000|1000000000|0|1000000000|1000000000|0|1|1|0
Tradition SEF Inc.|549300MBO45EHETL4438|20200827|20200908|1M-3M_004_FRA_3M_USDLIBOR_LCH|"1 Month by 3 Month Forward Rate Agreement - 3 Month LIBOR for USD"|IR|FRA||3M_ACT/360_vs_3M_3M_ACT/360|3M_USD-LIBOR-BBA|USD|CASH||N|N|LCH.Clearnet Limited|F226TOH6YD6XJB17KS62|P|0.23875|0.23875|0.23875|0.23875|USD|1000000000.0|1000000000|1000000000|1000000000|0|1000000000|1000000000|0|1|1|0
Tradition SEF Inc.|549300MBO45EHETL4438|20200827|20200902|1M-3M_FRA_3M_USDLIBOR_LCH|"1 Month by 3 Month Forward Rate Agreement - 3 Month LIBOR for USD"|IR|FRA||3M_ACT/360_vs_3M_3M_ACT/360|3M_USD-LIBOR-BBA|USD|CASH||N|N|LCH.Clearnet Limited|F226TOH6YD6XJB17KS62|P|0.245|0.245|0.24375|0.24375|USD|1500000000.0|1500000000|1500000000|1500000000|0|1500000000|1500000000|0|2|2|0
Tradition SEF Inc.|549300MBO45EHETL4438|20200827|20201013|1M-4M_FRA_3M_USDLIBOR_LCH|"1 Month by 4 Month Forward Rate Agreement - 3 Month LIBOR for USD"|IR|FRA||3M_ACT/360_vs_3M_3M_ACT/360|3M_USD-LIBOR-BBA|USD|CASH||N|N|LCH.Clearnet Limited|F226TOH6YD6XJB17KS62|P|0.2525|0.2525|0.2525|0.2525|USD|1000000000.0|1000000000|1000000000|1000000000|0|1000000000|1000000000|0|1|1|0
Tradition SEF Inc.|549300MBO45EHETL4438|20200827|20200831|10Y_OIS_3M_IBR_CME|"10 Year Overnight Index Swap - 3 Month IBR for COP"|IR|S|OIS|3M_ACT/360_vs_3M_3M_ACT/360|3M_COP-IBR-OIS-COMPOUND|COP|CASH||N|N|Chicago Mercantile Exchange|KJNXBSWZVIKEX4NFOL81|P|4.5|4.57|4.5|4.57|COP|28500000000.0|28500000000|746785540|746785540|0|746785540|746785540|0|3|3|0
Tradition SEF Inc.|549300MBO45EHETL4438|20200827|20200831|4M_OIS_4M_FEDFUNDS_LCH|"4 Month Overnight Index Swap - 4 Month Fed Effective Rate"|IR|S|OIS|4M_ACT/360_vs_4M_4M_ACT/360|4M_USD-Federal Funds-H.15-OIS-COMPOUND|USD|CASH||N|N|LCH.Clearnet Limited|F226TOH6YD6XJB17KS62|P|0.073|0.073|0.073|0.073|USD|500000000.0|500000000|500000000|500000000|0|500000000|500000000|0|1|1|0
Tradition SEF Inc.|549300MBO45EHETL4438|20200827|20200828|1Y_IRS_3M-3M-3M_BBSW_LCH|"1 Year Interest Rate Swap - 3 Month BBSW Rate for AUD"|IR|S|FF|3M_ACT/365.FIXED_vs_3M_3M_ACT/365.FIXED|3M_AUD-BBR-BBSW|AUD|CASH||N|N|LCH.Clearnet Limited|F226TOH6YD6XJB17KS62|P|0.115|0.115|0.115|0.115|AUD|300000000.0|300000000|217890000|217890000|0|217890000|217890000|0|1|1|0
Tradition SEF Inc.|549300MBO45EHETL4438|20200827|20200828|12Y_IRS_6M-6M-6M_BBSW_LCH|"12 Year Interest Rate Swap - 6 Month BBSW Rate for AUD"|IR|S|FF|6M_ACT/365.FIXED_vs_6M_6M_ACT/365.FIXED|6M_AUD-BBR-BBSW|AUD|CASH||N|N|LCH.Clearnet Limited|F226TOH6YD6XJB17KS62|P|0.9575|0.9575|0.9575|0.9575|AUD|13500000.0|13500000|9805050|9805050|0|9805050|9805050|0|1|1|0
Tradition SEF Inc.|549300MBO45EHETL4438|20200827|20200828|15Y_IRS_6M-6M-6M_BBSW_LCH|"15 Year Interest Rate Swap - 6 Month BBSW Rate for AUD"|IR|S|FF|6M_ACT/365.FIXED_vs_6M_6M_ACT/365.FIXED|6M_AUD-BBR-BBSW|AUD|CASH||N|N|LCH.Clearnet Limited|F226TOH6YD6XJB17KS62|P|1.08|1.08|1.08|1.08|AUD|11000000.0|11000000|7989300|7989300|0|7989300|7989300|0|1|1|0
Tradition SEF Inc.|549300MBO45EHETL4438|20200827|20200828|25Y_IRS_6M-6M-6M_BBSW_LCH|"25 Year Interest Rate Swap - 6 Month BBSW Rate for AUD"|IR|S|FF|6M_ACT/365.FIXED_vs_6M_6M_ACT/365.FIXED|6M_AUD-BBR-BBSW|AUD|CASH||N|N|LCH.Clearnet Limited|F226TOH6YD6XJB17KS62|P|1.19875|1.19875|1.19875|1.19875|AUD|37700000.0|37700000|27381510|27381510|0|27381510|27381510|0|2|2|0
Tradition SEF Inc.|549300MBO45EHETL4438|20200827|20200828|30Y_IRS_6M-6M-6M_BBSW_LCH|"30 Year Interest Rate Swap - 6 Month BBSW Rate for AUD"|IR|S|FF|6M_ACT/365.FIXED_vs_6M_6M_ACT/365.FIXED|6M_AUD-BBR-BBSW|AUD|CASH||N|N|LCH.Clearnet Limited|F226TOH6YD6XJB17KS62|P|1.19375|1.19375|1.19375|1.19375|AUD|32150000.0|32150000|23350546|23350546|0|23350546|23350546|0|2|2|0
Tradition SEF Inc.|549300MBO45EHETL4438|20200827|20200827|2Y_IRS_6M-6M-3M_CDOR_LCH|"2 Year Interest Rate Swap - 3 Month CDOR Rate for CAD"|IR|S|FF|6M_ACT/365.FIXED_vs_6M_3M_ACT/365.FIXED|3M_CAD-BA-CDOR|CAD|CASH||N|N|LCH.Clearnet Limited|F226TOH6YD6XJB17KS62|P|0.56|0.56|0.56|0.56|CAD|374000000.0|374000000|284875776|284875776|0|284875776|284875776|0|1|1|0
Tradition SEF Inc.|549300MBO45EHETL4438|20200827|20200827|3Y_IRS_6M-6M-3M_CDOR_LCH|"3 Year Interest Rate Swap - 3 Month CDOR Rate for CAD"|IR|S|FF|6M_ACT/365.FIXED_vs_6M_3M_ACT/365.FIXED|3M_CAD-BA-CDOR|CAD|CASH||N|N|LCH.Clearnet Limited|F226TOH6YD6XJB17KS62|P|0.6325|0.6325|0.6325|0.6325|CAD|500000000.0|500000000|380849984|380849984|0|380849984|380849984|0|1|1|0
Tradition SEF Inc.|549300MBO45EHETL4438|20200827|20200827|4Y_IRS_6M-6M-3M_CDOR_LCH|"4 Year Interest Rate Swap - 3 Month CDOR Rate for CAD"|IR|S|FF|6M_ACT/365.FIXED_vs_6M_3M_ACT/365.FIXED|3M_CAD-BA-CDOR|CAD|CASH||N|N|LCH.Clearnet Limited|F226TOH6YD6XJB17KS62|P|0.72|0.72|0.72|0.72|CAD|188000000.0|188000000|143199600|143199600|0|143199600|143199600|0|1|1|0
Tradition SEF Inc.|549300MBO45EHETL4438|20200827|20200827|5Y_IRS_6M-6M-3M_CDOR_LCH|"5 Year Interest Rate Swap - 3 Month CDOR Rate for CAD"|IR|S|FF|6M_ACT/365.FIXED_vs_6M_3M_ACT/365.FIXED|3M_CAD-BA-CDOR|CAD|CASH||N|N|LCH.Clearnet Limited|F226TOH6YD6XJB17KS62|P|0.8025|0.8025|0.8|0.8|CAD|150000000.0|150000000|114255000|114255000|0|114255000|114255000|0|3|3|0
Tradition SEF Inc.|549300MBO45EHETL4438|20200827|20200831|1Y_IRS_1Y-1Y-1Y_CLICP|"1 Year Interest Rate Swap - 1 Year SIRA Rate for CLP"|IR|S|FF|1Y_ACT/360_vs_1Y_1Y_ACT/360|1Y_CL-CLICP-Bloomberg|CLP|CASH||N|N|||P|0.445|0.445|0.445|0.445|CLP|16000000000.0|16000000000|2041600000|0|2041600000|2041600000|0|2041600000|2|0|2
Tradition SEF Inc.|549300MBO45EHETL4438|20200827|20200831|18M_IRS_18M-18M-18M_CLICP|"18 Month Interest Rate Swap - 18 Month SIRA Rate for CLP"|IR|S|FF|18M_ACT/360_vs_18M_18M_ACT/360|18M_CL-CLICP-Bloomberg|CLP|CASH||N|N|||P|0.5|0.5|0.495|0.495|CLP|64000000000.0|64000000000|8166400000|0|8166400000|8166400000|0|8166400000|4|0|4
Tradition SEF Inc.|549300MBO45EHETL4438|20200827|20200831|2Y_IRS_6M-6M-6M_CLICP|"2 Year Interest Rate Swap - 6 Month SIRA Rate for CLP"|IR|S|FF|6M_ACT/360_vs_6M_6M_ACT/360|6M_CL-CLICP-Bloomberg|CLP|CASH||N|N|||P|0.565|0.565|0.565|0.565|CLP|20000000000.0|20000000000|2552000000|0|2552000000|2552000000|0|2552000000|1|0|1
Tradition SEF Inc.|549300MBO45EHETL4438|20200827|20200831|2Y_IRS_6M-6M-6M_CLICP_CME|"2 Year Interest Rate Swap - 6 Month SIRA Rate for CLP"|IR|S|FF|6M_ACT/360_vs_6M_6M_ACT/360|6M_CL-CLICP-Bloomberg|CLP|CASH||N|N|Chicago Mercantile Exchange|KJNXBSWZVIKEX4NFOL81|P|0.565|0.565|0.565|0.565|CLP|20000000000.0|20000000000|2552000000|2552000000|0|2552000000|2552000000|0|1|1|0
Tradition SEF Inc.|549300MBO45EHETL4438|20200827|20200831|4Y_IRS_6M-6M-6M_CLICP|"4 Year Interest Rate Swap - 6 Month SIRA Rate for CLP"|IR|S|FF|6M_ACT/360_vs_6M_6M_ACT/360|6M_CL-CLICP-Bloomberg|CLP|CASH||N|N|||P|0.97|0.97|0.97|0.97|CLP|6000000000.0|6000000000|765600000|0|765600000|765600000|0|765600000|1|0|1
Tradition SEF Inc.|549300MBO45EHETL4438|20200827|20200901|1Y_IRS_6M-6M-6M_JPYLIBOR_LCH|"1 Year Interest Rate Swap - 6 Month LIBOR for JPY"|IR|S|FF|6M_ACT/365.FIXED_vs_6M_6M_ACT/360|6M_JPY-LIBOR-BBA|JPY|CASH||N|N|LCH.Clearnet Limited|F226TOH6YD6XJB17KS62|P|-0.03|-0.03|-0.03|-0.03|JPY|15000000000.0|15000000000|140535008|140535008|0|140535008|140535008|0|2|2|0
Tradition SEF Inc.|549300MBO45EHETL4438|20200827|20200901|3Y_IRS_6M-6M-6M_JPYLIBOR_LCH|"3 Year Interest Rate Swap - 6 Month LIBOR for JPY"|IR|S|FF|6M_ACT/365.FIXED_vs_6M_6M_ACT/360|6M_JPY-LIBOR-BBA|JPY|CASH||N|N|LCH.Clearnet Limited|F226TOH6YD6XJB17KS62|P|-0.0325|-0.0325|-0.0325|-0.0325|JPY|10000000000.0|10000000000|93690000|93690000|0|93690000|93690000|0|1|1|0
Tradition SEF Inc.|549300MBO45EHETL4438|20200827|20200828|9M_IRS_28D_TIIE_CME|"9 Month Interest Rate Swap - 28 Day TIIE for MXN"|IR|S|FF|28D_ACT/360_vs_28D_28D_ACT/360|28D_MXN-TIIE-Banxico|MXN|CASH||N|N|Chicago Mercantile Exchange|KJNXBSWZVIKEX4NFOL81|P|4.52|4.52|4.52|4.52|MXN|960000000.0|960000000|43353600|43353600|0|43353600|43353600|0|1|1|0
Tradition SEF Inc.|549300MBO45EHETL4438|20200827|20200828|1Y_IRS_28D_TIIE_CME|"1 Year Interest Rate Swap - 28 Day TIIE for MXN"|IR|S|FF|28D_ACT/360_vs_28D_28D_ACT/360|28D_MXN-TIIE-Banxico|MXN|CASH||N|N|Chicago Mercantile Exchange|KJNXBSWZVIKEX4NFOL81|P|4.52|4.52|4.48|4.48|MXN|1790000000.0|1790000000|80836400|80836400|0|80836400|80836400|0|2|2|0
Tradition SEF Inc.|549300MBO45EHETL4438|20200827|20200828|2Y_IRS_28D_TIIE_CME|"2 Year Interest Rate Swap - 28 Day TIIE for MXN"|IR|S|FF|28D_ACT/360_vs_28D_28D_ACT/360|28D_MXN-TIIE-Banxico|MXN|CASH||N|N|Chicago Mercantile Exchange|KJNXBSWZVIKEX4NFOL81|P|4.59|4.6|4.54|4.54|MXN|3070000000.0|3070000000|138641200|138641200|0|138641200|138641200|0|10|10|0
Tradition SEF Inc.|549300MBO45EHETL4438|20200827|20200828|3Y_IRS_28D_TIIE_CME|"3 Year Interest Rate Swap - 28 Day TIIE for MXN"|IR|S|FF|28D_ACT/360_vs_28D_28D_ACT/360|28D_MXN-TIIE-Banxico|MXN|CASH||N|N|Chicago Mercantile Exchange|KJNXBSWZVIKEX4NFOL81|P|4.785|4.785|4.74|4.765|MXN|2120000000.0|2120000000|95739200|95739200|0|95739200|95739200|0|8|8|0
Tradition SEF Inc.|549300MBO45EHETL4438|20200827|20200828|4Y_IRS_28D_TIIE_CME|"4 Year Interest Rate Swap - 28 Day TIIE for MXN"|IR|S|FF|28D_ACT/360_vs_28D_28D_ACT/360|28D_MXN-TIIE-Banxico|MXN|CASH||N|N|Chicago Mercantile Exchange|KJNXBSWZVIKEX4NFOL81|P|4.93|4.93|4.93|4.93|MXN|120000000.0|120000000|5419200|5419200|0|5419200|5419200|0|1|1|0
Tradition SEF Inc.|549300MBO45EHETL4438|20200827|20200831|7Y_IRS_1Y-6M-6M_NIBOR_LCH|"7 Year Interest Rate Swap - 6 Month NIBOR for NOK"|IR|S|FF|1Y_30/360_vs_6M_6M_ACT/360|6M_NOK-NIBOR-NIBR|NOK|CASH||N|N|LCH.Clearnet Limited|F226TOH6YD6XJB17KS62|P|0.855|0.855|0.855|0.855|NOK|110000000.0|110000000|12342000|12342000|0|12342000|12342000|0|1|1|0
Tradition SEF Inc.|549300MBO45EHETL4438|20200827|20200831|6Y_IRS_1Y-3M-3M_STIBOR_LCH|"6 Year Interest Rate Swap - 3 Month STIBOR for SEK"|IR|S|FF|1Y_30/360_vs_3M_3M_ACT/360|3M_SEK-STIBOR-SIDE|SEK|CASH||N|N|LCH.Clearnet Limited|F226TOH6YD6XJB17KS62|P|0.16|0.16|0.16|0.16|SEK|298000000.0|298000000|34141564|34141564|0|34141564|34141564|0|1|1|0
Tradition SEF Inc.|549300MBO45EHETL4438|20200827|20200831|9Y_IRS_1Y-3M-3M_STIBOR_LCH|"9 Year Interest Rate Swap - 3 Month STIBOR for SEK"|IR|S|FF|1Y_30/360_vs_3M_3M_ACT/360|3M_SEK-STIBOR-SIDE|SEK|CASH||N|N|LCH.Clearnet Limited|F226TOH6YD6XJB17KS62|P|0.3125|0.3125|0.3125|0.3125|SEK|200000000.0|200000000|22913800|22913800|0|22913800|22913800|0|1|1|0
Tradition SEF Inc.|549300MBO45EHETL4438|20200827|20200831|1Y_IRS_6M-6M-6M_THBFIX_LCH|"1 Year Interest Rate Swap - 6 Month THBFIX for THB"|IR|S|FF|6M_ACT/365.FIXED_vs_6M_6M_ACT/365.FIXED|6M_THB-THBFIX-Reuters|THB|CASH||N|N|LCH.Clearnet Limited|F226TOH6YD6XJB17KS62|P|0.455|0.455|0.455|0.455|THB|6280000000.0|6280000000|200708800|200708800|0|200708800|200708800|0|1|1|0
Tradition SEF Inc.|549300MBO45EHETL4438|20200827|20200831|3Y_IRS_6M-6M-6M_THBFIX_LCH|"3 Year Interest Rate Swap - 6 Month THBFIX for THB"|IR|S|FF|6M_ACT/365.FIXED_vs_6M_6M_ACT/365.FIXED|6M_THB-THBFIX-Reuters|THB|CASH||N|N|LCH.Clearnet Limited|F226TOH6YD6XJB17KS62|P|0.655|0.655|0.655|0.655|THB|2120000000.0|2120000000|67755200|67755200|0|67755200|67755200|0|1|1|0
Tradition SEF Inc.|549300MBO45EHETL4438|20200827|20200901|3M_IRS_3M-3M-3M_USDLIBOR_LCH|"3 Month Interest Rate Swap - 3 Month LIBOR for USD"|IR|S|FF|3M_ACT/360_vs_3M_3M_ACT/360|3M_USD-LIBOR-BBA|USD|CASH||N|N|LCH.Clearnet Limited|F226TOH6YD6XJB17KS62|P|0.2525|0.2525|0.2525|0.2525|USD|250000000.0|250000000|250000000|250000000|0|250000000|250000000|0|1|1|0
Tradition SEF Inc.|549300MBO45EHETL4438|20200827|20200901|10Y_IRS_6M-3M-3M_USDLIBOR_LCH|"10 Year Interest Rate Swap - 3 Month LIBOR for USD"|IR|S|FF|6M_30/360_vs_3M_3M_ACT/360|3M_USD-LIBOR-BBA|USD|CASH||N|N|LCH.Clearnet Limited|F226TOH6YD6XJB17KS62|P|0.675|0.675|0.675|0.675|USD|149000000.0|149000000|149000000|149000000|0|149000000|149000000|0|1|1|0
Tradition SEF Inc.|549300MBO45EHETL4438|20200827|20200901|10Y_IRS_6M-3M-3M_USDLIBOR_REQ_CME|"10 Year Interest Rate Swap - 3 Month LIBOR for USD"|IR|S|FF|6M_30/360_vs_3M_3M_ACT/360|3M_USD-LIBOR-BBA|USD|CASH||N|N|Chicago Mercantile Exchange|KJNXBSWZVIKEX4NFOL81|P|0.733125|0.733125|0.733125|0.733125|USD|116000000.0|116000000|116000000|116000000|0|116000000|116000000|0|1|1|0
Tradition SEF Inc.|549300MBO45EHETL4438|20200827|20200901|10Y_IRS_6M-3M-3M_USDLIBOR_REQ_LCH|"10 Year Interest Rate Swap - 3 Month LIBOR for USD"|IR|S|FF|6M_30/360_vs_3M_3M_ACT/360|3M_USD-LIBOR-BBA|USD|CASH||N|N|LCH.Clearnet Limited|F226TOH6YD6XJB17KS62|P|0.721625|0.721625|0.721625|0.721625|USD|116000000.0|116000000|116000000|116000000|0|116000000|116000000|0|1|1|0
Tradition SEF Inc.|549300MBO45EHETL4438|20200827|20200901|12Y_IRS_6M-3M-3M_USDLIBOR_LCH|"12 Year Interest Rate Swap - 3 Month LIBOR for USD"|IR|S|FF|6M_30/360_vs_3M_3M_ACT/360|3M_USD-LIBOR-BBA|USD|CASH||N|N|LCH.Clearnet Limited|F226TOH6YD6XJB17KS62|P|0.775|0.775|0.775|0.775|USD|250000000.0|250000000|250000000|250000000|0|250000000|250000000|0|1|1|0
Tradition SEF Inc.|549300MBO45EHETL4438|20200827|20200901|15Y_IRS_6M-3M-3M_USDLIBOR_LCH|"15 Year Interest Rate Swap - 3 Month LIBOR for USD"|IR|S|FF|6M_30/360_vs_3M_3M_ACT/360|3M_USD-LIBOR-BBA|USD|CASH||N|N|LCH.Clearnet Limited|F226TOH6YD6XJB17KS62|P|0.876875|0.876875|0.876875|0.876875|USD|101000000.0|101000000|101000000|101000000|0|101000000|101000000|0|1|1|0
Tradition SEF Inc.|549300MBO45EHETL4438|20200827|20200901|25Y_IRS_6M-3M-3M_USDLIBOR_REQ_CME|"25 Year Interest Rate Swap - 3 Month LIBOR for USD"|IR|S|FF|6M_30/360_vs_3M_3M_ACT/360|3M_USD-LIBOR-BBA|USD|CASH||N|N|Chicago Mercantile Exchange|KJNXBSWZVIKEX4NFOL81|P|1.105|1.105|1.105|1.105|USD|50000000.0|50000000|50000000|50000000|0|50000000|50000000|0|1|1|0
Tradition SEF Inc.|549300MBO45EHETL4438|20200827|20200901|25Y_IRS_6M-3M-3M_USDLIBOR_REQ_LCH|"25 Year Interest Rate Swap - 3 Month LIBOR for USD"|IR|S|FF|6M_30/360_vs_3M_3M_ACT/360|3M_USD-LIBOR-BBA|USD|CASH||N|N|LCH.Clearnet Limited|F226TOH6YD6XJB17KS62|P|1.091|1.091|1.091|1.091|USD|50000000.0|50000000|50000000|50000000|0|50000000|50000000|0|1|1|0
Tradition SEF Inc.|549300MBO45EHETL4438|20200827|20240829|4Y-5Y_SWN_STRDL_0-088_6M-6M-6M_JPYLIBOR|"Option is Straddle of 4 Year by 5 Year with Strike 0.088% ; Swaption - 6 Month LIBOR for JPY"|IR|O|SWO|6M_ACT/365.FIXED_vs_6M_6M_ACT/360|6M_JPY-LIBOR-BBA|JPY|CASH||N|N|||P|150|150|150|150|JPY|20000000000.0|20000000000|187380000|0|187380000|187380000|0|187380000|1|0|1
Tradition SEF Inc.|549300MBO45EHETL4438|20200827|20250829|5Y-5Y_SWN_STRDL_0-14_6M-6M-6M_JPYLIBOR|"Option is Straddle of 5 Year by 5 Year with Strike 0.14% ; Swaption - 6 Month LIBOR for JPY"|IR|O|SWO|6M_ACT/365.FIXED_vs_6M_6M_ACT/360|6M_JPY-LIBOR-BBA|JPY|CASH||N|N|||P|175|175|175|175|JPY|20000000000.0|20000000000|187380000|0|187380000|187380000|0|187380000|1|0|1
Tradition SEF Inc.|549300MBO45EHETL4438|20200827|20300829|10Y-10Y_SWN_STRDL_0-481_6M-6M-6M_JPYLIBOR|"Option is Straddle of 10 Year by 10 Year with Strike 0.481% ; Swaption - 6 Month LIBOR for JPY"|IR|O|SWO|6M_ACT/365.FIXED_vs_6M_6M_ACT/360|6M_JPY-LIBOR-BBA|JPY|CASH||N|N|||P|676|676|676|676|JPY|2000000000.0|2000000000|18738000|0|18738000|18738000|0|18738000|1|0|1
Tradition SEF Inc.|549300MBO45EHETL4438|20200827|20200930|1M-10Y_SWN_STRDL_0-061_6M-6M-6M_JPYLIBOR|"Option is Straddle of 1 Month by 10 Year with Strike 0.061% ; Swaption - 6 Month LIBOR for JPY"|IR|O|SWO|6M_ACT/365.FIXED_vs_6M_6M_ACT/360|6M_JPY-LIBOR-BBA|JPY|CASH||N|N|||P|37|37|37|37|JPY|5000000000.0|5000000000|46845000|0|46845000|46845000|0|46845000|1|0|1
Tradition SEF Inc.|549300MBO45EHETL4438|20200827|20250829|5Y-10Y_002_SWN_STRDL_0-2765_6M-6M-6M_JPYLIBOR|"Option is Straddle of 5 Year by 10 Year with Strike 0.2765% ; Swaption - 6 Month LIBOR for JPY"|IR|O|SWO|6M_ACT/365.FIXED_vs_6M_6M_ACT/360|6M_JPY-LIBOR-BBA|JPY|CASH||N|N|||P|395|395|395|395|JPY|10000000000.0|10000000000|93690000|0|93690000|93690000|0|93690000|1|0|1
Tradition SEF Inc.|549300MBO45EHETL4438|20200827|20250829|5Y-10Y_SWN_STRDL_0-2765_6M-6M-6M_JPYLIBOR|"Option is Straddle of 5 Year by 10 Year with Strike 0.2765% ; Swaption - 6 Month LIBOR for JPY"|IR|O|SWO|6M_ACT/365.FIXED_vs_6M_6M_ACT/360|6M_JPY-LIBOR-BBA|JPY|CASH||N|N|||P|395|395|395|395|JPY|5000000000.0|5000000000|46845000|0|46845000|46845000|0|46845000|1|0|1
Tradition SEF Inc.|549300MBO45EHETL4438|20200827|20270901|7Y-15Y_SWN_STRDL_0-4275_6M-6M-6M_JPYLIBOR|"Option is Straddle of 7 Year by 15 Year with Strike 0.4275% ; Swaption - 6 Month LIBOR for JPY"|IR|O|SWO|6M_ACT/365.FIXED_vs_6M_6M_ACT/360|6M_JPY-LIBOR-BBA|JPY|CASH||N|N|||P|832|832|832|832|JPY|2000000000.0|2000000000|18738000|0|18738000|18738000|0|18738000|1|0|1
Tradition SEF Inc.|549300MBO45EHETL4438|20200827|20200930|1M-20Y_SWN_STRDL_0-266_6M-6M-6M_JPYLIBOR|"Option is Straddle of 1 Month by 20 Year with Strike 0.266% ; Swaption - 6 Month LIBOR for JPY"|IR|O|SWO|6M_ACT/365.FIXED_vs_6M_6M_ACT/360|6M_JPY-LIBOR-BBA|JPY|CASH||N|N|||P|136|136|136|136|JPY|3500000000.0|3500000000|32791500|0|32791500|32791500|0|32791500|1|0|1
Tradition SEF Inc.|549300MBO45EHETL4438|20200827|20201201|3M-20Y_SWN_STRDL_0-275_6M-6M-6M_JPYLIBOR|"Option is Straddle of 3 Month by 20 Year with Strike 0.275% ; Swaption - 6 Month LIBOR for JPY"|IR|O|SWO|6M_ACT/365.FIXED_vs_6M_6M_ACT/360|6M_JPY-LIBOR-BBA|JPY|CASH||N|N|||P|250|250|250|250|JPY|7000000000.0|7000000000|65583000|0|65583000|65583000|0|65583000|1|0|1
Tradition SEF Inc.|549300MBO45EHETL4438|20200827|20240829|4Y-20Y_SWN_STRDL_0-382_6M-6M-6M_JPYLIBOR|"Option is Straddle of 4 Year by 20 Year with Strike 0.382% ; Swaption - 6 Month LIBOR for JPY"|IR|O|SWO|6M_ACT/365.FIXED_vs_6M_6M_ACT/360|6M_JPY-LIBOR-BBA|JPY|CASH||N|N|||P|930|930|930|930|JPY|5000000000.0|5000000000|46845000|0|46845000|46845000|0|46845000|1|0|1
Tradition SEF Inc.|549300MBO45EHETL4438|20200827|20210302|6M-20Y_SWN_STRDL_0-283_6M-6M-6M_JPYLIBOR|"Option is Straddle of 6 Month by 20 Year with Strike 0.283% ; Swaption - 6 Month LIBOR for JPY"|IR|O|SWO|6M_ACT/365.FIXED_vs_6M_6M_ACT/360|6M_JPY-LIBOR-BBA|JPY|CASH||N|N|||P|345|345|345|345|JPY|5000000000.0|5000000000|46845000|0|46845000|46845000|0|46845000|1|0|1
Tradition SEF Inc.|549300MBO45EHETL4438|20200827|20350830|15Y-10Y_SWN_PAYRS_1-36_6M-3M-3M_USDLIBOR|"Option is Payer of 15 Year by 10 Year with Strike 1.36% ; Swaption - 3 Month LIBOR for USD"|IR|O|SWO|6M_30/360_vs_3M_3M_ACT/360|3M_USD-LIBOR-BBA|USD|CASH||N|N|||P|847|847|847|847|USD|40000000.0|40000000|40000000|0|40000000|40000000|0|40000000|1|0|1
Tradition SEF Inc.|549300MBO45EHETL4438|20200827|20350830|15Y-10Y_SWN_PAYRS_1-375_6M-3M-3M_USDLIBOR|"Option is Payer of 15 Year by 10 Year with Strike 1.375% ; Swaption - 3 Month LIBOR for USD"|IR|O|SWO|6M_30/360_vs_3M_3M_ACT/360|3M_USD-LIBOR-BBA|USD|CASH||N|N|||P|847|847|847|847|USD|37500000.0|37500000|37500000|0|37500000|37500000|0|37500000|1|0|1
Tradition SEF Inc.|549300MBO45EHETL4438|20200827|20350830|15Y-10Y_SWN_PAYRS_3-36_6M-3M-3M_USDLIBOR|"Option is Payer of 15 Year by 10 Year with Strike 3.36% ; Swaption - 3 Month LIBOR for USD"|IR|O|SWO|6M_30/360_vs_3M_3M_ACT/360|3M_USD-LIBOR-BBA|USD|CASH||N|N|||P|253|253|253|253|USD|67500000.0|67500000|67500000|0|67500000|67500000|0|67500000|1|0|1
Tradition SEF Inc.|549300MBO45EHETL4438|20200827|20350830|15Y-10Y_SWN_PAYRS_3-375_6M-3M-3M_USDLIBOR|"Option is Payer of 15 Year by 10 Year with Strike 3.375% ; Swaption - 3 Month LIBOR for USD"|IR|O|SWO|6M_30/360_vs_3M_3M_ACT/360|3M_USD-LIBOR-BBA|USD|CASH||N|N|||P|253|253|253|253|USD|67500000.0|67500000|67500000|0|67500000|67500000|0|67500000|1|0|1
Tradition SEF Inc.|549300MBO45EHETL4438|20200827|20350830|15Y-10Y_SWN_RCVRS_1-36_6M-3M-3M_USDLIBOR|"Option is Receiver of 15 Year by 10 Year with Strike 1.36% ; Swaption - 3 Month LIBOR for USD"|IR|O|SWO|6M_30/360_vs_3M_3M_ACT/360|3M_USD-LIBOR-BBA|USD|CASH||N|N|||P|847|847|847|847|USD|10000000.0|10000000|10000000|0|10000000|10000000|0|10000000|1|0|1
Tradition SEF Inc.|549300MBO45EHETL4438|20200827|20350830|15Y-10Y_SWN_RCVRS_1-375_6M-3M-3M_USDLIBOR|"Option is Receiver of 15 Year by 10 Year with Strike 1.375% ; Swaption - 3 Month LIBOR for USD"|IR|O|SWO|6M_30/360_vs_3M_3M_ACT/360|3M_USD-LIBOR-BBA|USD|CASH||N|N|||P|847|847|847|847|USD|12500000.0|12500000|12500000|0|12500000|12500000|0|12500000|1|0|1
